dirTimestamp,Temperature_C,Vibration_g,Current_A,RPM,Status
2026-09-30 10:52:00.869657,40.93,0.461,1.13,1385.58,WARNING
2026-09-30 10:52:01.869657,33.84,0.224,0.75,1422.28,NORMAL
2026-09-30 10:52:02.869657,31.55,0.222,0.72,1459.43,NORMAL
2026-09-30 10:52:03.869657,33.59,0.143,0.75,1467.93,NORMAL
2026-09-30 10:52:04.869657,53.4,1.435,1.43,1265.58,FAULT
2026-09-30 10:52:05.869657,35.58,0.218,0.72,1445.15,NORMAL
2026-09-30 10:52:06.869657,36.65,0.189,0.82,1391.21,NORMAL
2026-09-30 10:52:07.869657,35.44,0.294,0.72,1402.5,NORMAL
2026-09-30 10:52:08.869657,42.89,0.525,1.12,1269.88,WARNING
2026-09-30 10:52:09.869657,49.75,0.964,1.62,1229.16,FAULT
2026-09-30 10:52:10.869657,34.04,0.241,0.71,1414.11,NORMAL
2026-09-30 10:52:11.869657,36.67,0.265,0.72,1447.73,NORMAL
2026-09-30 10:52:12.869657,35.72,0.327,0.8,1496.94,NORMAL
2026-09-30 10:52:13.869657,34.2,0.247,0.69,1481.27,NORMAL
2026-09-30 10:52:14.869657,34.56,0.268,0.92,1434.45,NORMAL
2026-09-30 10:52:15.869657,34.58,0.229,0.84,1484.75,NORMAL
2026-09-30 10:52:16.869657,33.94,0.276,0.81,1479.06,NORMAL
2026-09-30 10:52:17.869657,34.38,0.284,0.78,1438.97,NORMAL
2026-09-30 10:52:18.869657,35.59,0.263,0.8,1442.96,NORMAL
2026-09-30 10:52:19.869657,34.21,0.236,0.84,1445.02,NORMAL
2026-09-30 10:52:20.869657,38.77,0.259,0.82,1447.77,NORMAL
2026-09-30 10:52:21.869657,51.06,1.068,1.13,1228.43,FAULT
2026-09-30 10:52:22.869657,34.62,0.265,0.8,1414.94,NORMAL
2026-09-30 10:52:23.869657,36.53,0.193,0.74,1473.19,NORMAL
2026-09-30 10:52:24.869657,56.16,0.972,1.32,1359.6,FAULT
2026-09-30 10:52:25.869657,38.41,0.294,0.8,1439.03,NORMAL
2026-09-30 10:52:26.869657,32.88,0.274,0.73,1496.5,NORMAL
2026-09-30 10:52:27.869657,34.22,0.206,0.77,1466.68,NORMAL
2026-09-30 10:52:28.869657,54.43,1.456,1.32,1254.68,FAULT
2026-09-30 10:52:29.869657,49.22,1.346,1.49,1335.13,FAULT
2026-09-30 10:52:30.869657,35.59,0.214,0.95,1464.21,NORMAL
2026-09-30 10:52:31.869657,36.47,0.202,0.74,1416.09,NORMAL
2026-09-30 10:52:32.869657,50.6,1.03,1.36,1210.95,FAULT
2026-09-30 10:52:33.869657,36.76,0.238,0.9,1466.14,NORMAL
2026-09-30 10:52:34.869657,34.47,0.386,0.85,1424.29,NORMAL
2026-09-30 10:52:35.869657,35.08,0.243,0.79,1472.21,NORMAL
2026-09-30 10:52:36.869657,40.65,0.655,1.0,1368.69,WARNING
2026-09-30 10:52:37.869657,35.46,0.21,0.88,1451.54,NORMAL
2026-09-30 10:52:38.869657,37.17,0.303,0.69,1421.87,NORMAL
2026-09-30 10:52:39.869657,35.61,0.263,0.8,1476.16,NORMAL
2026-09-30 10:52:40.869657,36.14,0.307,0.88,1469.54,NORMAL
2026-09-30 10:52:41.869657,47.35,1.101,1.33,1185.7,FAULT
2026-09-30 10:52:42.869657,34.06,0.304,0.81,1417.67,NORMAL
2026-09-30 10:52:43.869657,36.1,0.186,0.99,1505.3,NORMAL
2026-09-30 10:52:44.869657,30.95,0.259,0.75,1475.57,NORMAL
2026-09-30 10:52:45.869657,33.46,0.333,0.77,1440.46,NORMAL
2026-09-30 10:52:46.869657,38.53,0.27,0.7,1477.54,NORMAL
2026-09-30 10:52:47.869657,35.75,0.333,0.69,1505.31,NORMAL
2026-09-30 10:52:48.869657,37.53,0.215,0.84,1473.24,NORMAL
2026-09-30 10:52:49.869657,34.96,0.203,0.7,1446.85,NORMAL
2026-09-30 10:52:50.869657,38.26,0.178,0.76,1453.92,NORMAL
2026-09-30 10:52:51.869657,39.54,0.76,0.94,1368.71,WARNING
2026-09-30 10:52:52.869657,35.23,0.283,0.93,1412.87,NORMAL
2026-09-30 10:52:53.869657,36.37,0.254,0.84,1446.75,NORMAL
2026-09-30 10:52:54.869657,35.56,0.219,0.78,1435.21,NORMAL
2026-09-30 10:52:55.869657,33.76,0.232,0.88,1493.58,NORMAL
2026-09-30 10:52:56.869657,36.63,0.281,0.73,1433.19,NORMAL
2026-09-30 10:52:57.869657,31.42,0.189,0.75,1484.86,NORMAL
2026-09-30 10:52:58.869657,43.98,0.657,1.13,1392.4,WARNING
2026-09-30 10:52:59.869657,34.52,0.293,0.78,1431.61,NORMAL
2026-09-30 10:53:00.869657,35.19,0.28,0.73,1512.77,NORMAL
2026-09-30 10:53:01.869657,37.41,0.19,0.86,1470.01,NORMAL
2026-09-30 10:53:02.869657,34.98,0.205,0.81,1429.69,NORMAL
2026-09-30 10:53:03.869657,38.89,0.7,0.96,1358.55,WARNING
2026-09-30 10:53:04.869657,34.06,0.262,0.68,1407.78,NORMAL
2026-09-30 10:53:05.869657,33.67,0.318,0.64,1497.1,NORMAL
2026-09-30 10:53:06.869657,46.15,0.87,1.46,1179.43,FAULT
2026-09-30 10:53:07.869657,35.99,0.254,0.68,1424.68,NORMAL
2026-09-30 10:53:08.869657,35.45,0.251,0.81,1426.81,NORMAL
2026-09-30 10:53:09.869657,39.55,0.27,0.77,1505.8,NORMAL
2026-09-30 10:53:10.869657,36.74,0.259,0.98,1425.75,NORMAL
2026-09-30 10:53:11.869657,54.43,1.374,1.56,1165.28,FAULT
2026-09-30 10:53:12.869657,36.9,0.221,0.73,1464.76,NORMAL
2026-09-30 10:53:13.869657,36.48,0.324,0.86,1446.03,NORMAL
2026-09-30 10:53:14.869657,37.36,0.227,0.66,1490.62,NORMAL
2026-09-30 10:53:15.869657,35.55,0.264,0.6,1422.96,NORMAL
2026-09-30 10:53:16.869657,35.01,0.252,0.76,1468.69,NORMAL
2026-09-30 10:53:17.869657,32.26,0.277,0.88,1496.24,NORMAL
2026-09-30 10:53:18.869657,35.66,0.213,0.92,1453.47,NORMAL
2026-09-30 10:53:19.869657,35.34,0.308,0.88,1454.98,NORMAL
2026-09-30 10:53:20.869657,40.38,0.624,0.94,1381.36,WARNING
2026-09-30 10:53:21.869657,36.77,0.243,0.82,1384.87,NORMAL
2026-09-30 10:53:22.869657,38.26,0.181,0.66,1448.33,NORMAL
2026-09-30 10:53:23.869657,34.99,0.27,0.89,1406.76,NORMAL
2026-09-30 10:53:24.869657,35.73,0.203,0.76,1418.22,NORMAL
2026-09-30 10:53:25.869657,50.8,1.001,1.24,1272.42,FAULT
2026-09-30 10:53:26.869657,34.79,0.198,0.76,1414.06,NORMAL
2026-09-30 10:53:27.869657,53.53,1.405,1.27,1294.61,FAULT
2026-09-30 10:53:28.869657,36.23,0.288,0.76,1432.73,NORMAL
2026-09-30 10:53:29.869657,39.75,0.234,0.75,1384.24,NORMAL
2026-09-30 10:53:30.869657,42.84,0.625,1.19,1406.66,WARNING
2026-09-30 10:53:31.869657,34.63,0.248,0.72,1430.37,NORMAL
2026-09-30 10:53:32.869657,53.75,1.246,1.5,1279.65,FAULT
2026-09-30 10:53:33.869657,34.22,0.217,0.91,1410.71,NORMAL
2026-09-30 10:53:34.869657,37.91,0.53,1.03,1377.36,WARNING
2026-09-30 10:53:35.869657,29.99,0.284,0.83,1447.45,NORMAL
2026-09-30 10:53:36.869657,33.85,0.288,0.84,1420.67,NORMAL
2026-09-30 10:53:37.869657,45.03,0.659,1.08,1352.91,WARNING
2026-09-30 10:53:38.869657,42.41,0.565,0.96,1316.49,WARNING
2026-09-30 10:53:39.869657,33.8,0.288,0.89,1473.15,NORMAL
2026-09-30 10:53:40.869657,30.06,0.21,0.85,1443.91,NORMAL
2026-09-30 10:53:41.869657,35.34,0.254,0.84,1497.4,NORMAL
2026-09-30 10:53:42.869657,44.56,0.629,0.97,1351.14,WARNING
2026-09-30 10:53:43.869657,34.46,0.297,0.78,1489.03,NORMAL
2026-09-30 10:53:44.869657,31.26,0.232,0.8,1500.29,NORMAL
2026-09-30 10:53:45.869657,34.52,0.291,0.87,1452.87,NORMAL
2026-09-30 10:53:46.869657,32.04,0.307,0.83,1437.54,NORMAL
2026-09-30 10:53:47.869657,36.93,0.254,0.76,1462.11,NORMAL
2026-09-30 10:53:48.869657,36.66,0.207,0.81,1435.67,NORMAL
2026-09-30 10:53:49.869657,39.68,0.708,1.15,1322.55,WARNING
2026-09-30 10:53:50.869657,45.28,0.719,0.92,1316.46,WARNING
2026-09-30 10:53:51.869657,35.36,0.382,0.78,1451.41,NORMAL
2026-09-30 10:53:52.869657,35.22,0.286,0.84,1456.72,NORMAL
2026-09-30 10:53:53.869657,35.5,0.193,0.69,1506.6,NORMAL
2026-09-30 10:53:54.869657,33.02,0.244,0.8,1482.83,NORMAL
2026-09-30 10:53:55.869657,47.16,1.082,1.5,1144.54,FAULT
2026-09-30 10:53:56.869657,32.42,0.185,0.77,1500.07,NORMAL
2026-09-30 10:53:57.869657,32.75,0.243,0.8,1410.43,NORMAL
2026-09-30 10:53:58.869657,51.17,0.992,1.73,1311.5,FAULT
2026-09-30 10:53:59.869657,33.4,0.242,0.8,1454.75,NORMAL
2026-09-30 10:54:00.869657,35.03,0.249,0.82,1445.67,NORMAL
2026-09-30 10:54:01.869657,40.14,0.195,0.91,1370.22,NORMAL
2026-09-30 10:54:02.869657,37.49,0.146,0.77,1438.86,NORMAL
2026-09-30 10:54:03.869657,34.7,0.276,0.87,1410.2,NORMAL
2026-09-30 10:54:04.869657,47.91,1.394,1.33,1168.22,FAULT
2026-09-30 10:54:05.869657,34.3,0.239,0.87,1421.79,NORMAL
2026-09-30 10:54:06.869657,34.28,0.308,0.71,1468.48,NORMAL
2026-09-30 10:54:07.869657,31.66,0.338,0.7,1425.51,NORMAL
2026-09-30 10:54:08.869657,31.89,0.28,0.7,1502.64,NORMAL
2026-09-30 10:54:09.869657,31.49,0.223,0.88,1449.07,NORMAL
2026-09-30 10:54:10.869657,34.27,0.247,0.82,1398.69,NORMAL
2026-09-30 10:54:11.869657,33.75,0.229,0.7,1453.02,NORMAL
2026-09-30 10:54:12.869657,35.39,0.201,0.83,1398.92,NORMAL
2026-09-30 10:54:13.869657,34.06,0.276,0.93,1497.11,NORMAL
2026-09-30 10:54:14.869657,39.75,0.411,0.97,1376.25,WARNING
2026-09-30 10:54:15.869657,31.95,0.21,0.91,1423.49,NORMAL
2026-09-30 10:54:16.869657,33.1,0.382,0.84,1455.55,NORMAL
2026-09-30 10:54:17.869657,36.22,0.174,0.8,1430.24,NORMAL
2026-09-30 10:54:18.869657,37.3,0.215,0.8,1503.12,NORMAL
2026-09-30 10:54:19.869657,31.88,0.23,0.84,1465.98,NORMAL
2026-09-30 10:54:20.869657,36.24,0.171,0.74,1442.57,NORMAL
2026-09-30 10:54:21.869657,32.36,0.239,0.89,1453.59,NORMAL
2026-09-30 10:54:22.869657,36.12,0.304,0.87,1463.78,NORMAL
2026-09-30 10:54:23.869657,48.92,1.026,1.64,1158.36,FAULT
2026-09-30 10:54:24.869657,34.92,0.284,0.8,1450.89,NORMAL
2026-09-30 10:54:25.869657,32.19,0.275,0.72,1488.34,NORMAL
2026-09-30 10:54:26.869657,34.63,0.228,0.92,1455.9,NORMAL
2026-09-30 10:54:27.869657,55.44,0.877,1.44,1238.22,FAULT
2026-09-30 10:54:28.869657,33.97,0.32,0.98,1439.11,NORMAL
2026-09-30 10:54:29.869657,37.76,0.448,0.89,1400.45,WARNING
2026-09-30 10:54:30.869657,34.93,0.262,0.92,1420.05,NORMAL
2026-09-30 10:54:31.869657,44.62,0.478,1.27,1315.12,WARNING
2026-09-30 10:54:32.869657,35.58,0.373,0.75,1434.07,NORMAL
2026-09-30 10:54:33.869657,36.11,0.219,0.76,1444.96,NORMAL
2026-09-30 10:54:34.869657,37.84,0.221,0.73,1464.14,NORMAL
2026-09-30 10:54:35.869657,33.59,0.215,0.99,1478.14,NORMAL
2026-09-30 10:54:36.869657,33.77,0.231,0.82,1460.03,NORMAL
2026-09-30 10:54:37.869657,33.3,0.255,0.66,1412.28,NORMAL
2026-09-30 10:54:38.869657,34.93,0.34,0.76,1456.71,NORMAL
2026-09-30 10:54:39.869657,28.04,0.206,0.9,1460.29,NORMAL
2026-09-30 10:54:40.869657,36.36,0.342,0.85,1439.22,NORMAL
2026-09-30 10:54:41.869657,36.87,0.271,0.83,1471.45,NORMAL
2026-09-30 10:54:42.869657,46.42,0.77,1.02,1336.88,WARNING
2026-09-30 10:54:43.869657,34.26,0.208,0.74,1464.85,NORMAL
2026-09-30 10:54:44.869657,35.06,0.314,0.82,1451.39,NORMAL
2026-09-30 10:54:45.869657,45.07,0.545,1.21,1372.22,WARNING
2026-09-30 10:54:46.869657,36.22,0.259,0.76,1455.82,NORMAL
2026-09-30 10:54:47.869657,34.27,0.259,0.66,1478.95,NORMAL
2026-09-30 10:54:48.869657,33.88,0.269,0.93,1448.03,NORMAL
2026-09-30 10:54:49.869657,31.6,0.23,0.7,1444.67,NORMAL
2026-09-30 10:54:50.869657,32.96,0.285,0.82,1433.08,NORMAL
2026-09-30 10:54:51.869657,34.56,0.193,0.79,1469.0,NORMAL
2026-09-30 10:54:52.869657,31.95,0.215,0.8,1457.3,NORMAL
2026-09-30 10:54:53.869657,33.58,0.217,0.81,1443.12,NORMAL
2026-09-30 10:54:54.869657,34.84,0.306,0.83,1463.7,NORMAL
2026-09-30 10:54:55.869657,55.13,1.25,1.44,1237.47,FAULT
2026-09-30 10:54:56.869657,49.47,1.101,1.52,1210.52,FAULT
2026-09-30 10:54:57.869657,34.45,0.249,0.79,1429.36,NORMAL
2026-09-30 10:54:58.869657,31.83,0.288,0.86,1462.76,NORMAL
2026-09-30 10:54:59.869657,34.95,0.221,0.78,1437.9,NORMAL
2026-09-30 10:55:00.869657,34.99,0.192,0.92,1476.32,NORMAL
2026-09-30 10:55:01.869657,47.22,0.932,1.41,1194.0,FAULT
2026-09-30 10:55:02.869657,53.22,0.91,1.53,1221.38,FAULT
2026-09-30 10:55:03.869657,35.79,0.284,0.75,1482.67,NORMAL
2026-09-30 10:55:04.869657,37.63,0.26,0.97,1429.32,NORMAL
2026-09-30 10:55:05.869657,34.26,0.26,0.72,1434.12,NORMAL
2026-09-30 10:55:06.869657,34.95,0.357,0.94,1463.09,NORMAL
2026-09-30 10:55:07.869657,45.32,1.156,1.51,1197.27,FAULT
2026-09-30 10:55:08.869657,34.03,0.329,0.7,1406.07,NORMAL
2026-09-30 10:55:09.869657,31.88,0.35,0.79,1503.42,NORMAL
2026-09-30 10:55:10.869657,34.65,0.294,0.85,1402.71,NORMAL
2026-09-30 10:55:11.869657,44.36,0.66,1.05,1399.56,WARNING
2026-09-30 10:55:12.869657,34.95,0.309,0.84,1438.88,NORMAL
2026-09-30 10:55:13.869657,30.53,0.262,0.71,1459.58,NORMAL
2026-09-30 10:55:14.869657,32.41,0.308,0.76,1460.4,NORMAL
2026-09-30 10:55:15.869657,31.89,0.236,0.63,1457.63,NORMAL
2026-09-30 10:55:16.869657,36.89,0.44,1.17,1359.13,WARNING
2026-09-30 10:55:17.869657,37.43,0.246,0.83,1488.96,NORMAL
2026-09-30 10:55:18.869657,34.48,0.24,0.79,1448.88,NORMAL
2026-09-30 10:55:19.869657,34.74,0.198,0.78,1463.45,NORMAL
2026-09-30 10:55:20.869657,36.83,0.267,0.88,1363.11,NORMAL
2026-09-30 10:55:21.869657,33.26,0.27,0.72,1469.33,NORMAL
2026-09-30 10:55:22.869657,33.75,0.346,0.78,1456.52,NORMAL
2026-09-30 10:55:23.869657,34.94,0.35,0.88,1459.23,NORMAL
2026-09-30 10:55:24.869657,37.21,0.309,0.85,1415.71,NORMAL
2026-09-30 10:55:25.869657,33.46,0.265,0.88,1442.43,NORMAL
2026-09-30 10:55:26.869657,38.23,0.273,0.78,1478.92,NORMAL
2026-09-30 10:55:27.869657,37.09,0.278,0.86,1469.06,NORMAL
2026-09-30 10:55:28.869657,34.7,0.256,0.79,1450.47,NORMAL
2026-09-30 10:55:29.869657,32.44,0.168,0.73,1496.58,NORMAL
2026-09-30 10:55:30.869657,33.72,0.184,0.93,1480.29,NORMAL
2026-09-30 10:55:31.869657,30.5,0.216,0.8,1483.78,NORMAL
2026-09-30 10:55:32.869657,32.22,0.168,0.88,1523.19,NORMAL
2026-09-30 10:55:33.869657,36.36,0.279,0.78,1461.76,NORMAL
2026-09-30 10:55:34.869657,33.49,0.236,0.66,1447.05,NORMAL
2026-09-30 10:55:35.869657,36.94,0.219,0.65,1461.91,NORMAL
2026-09-30 10:55:36.869657,41.11,0.551,0.93,1322.36,WARNING
2026-09-30 10:55:37.869657,35.32,0.203,0.91,1447.75,NORMAL
2026-09-30 10:55:38.869657,35.25,0.229,0.81,1466.3,NORMAL
2026-09-30 10:55:39.869657,34.43,0.27,0.84,1411.11,NORMAL
2026-09-30 10:55:40.869657,32.51,0.215,0.74,1476.85,NORMAL
2026-09-30 10:55:41.869657,38.64,0.209,0.82,1426.54,NORMAL
2026-09-30 10:55:42.869657,32.62,0.265,0.85,1462.41,NORMAL
2026-09-30 10:55:43.869657,37.45,0.331,0.68,1458.03,NORMAL
2026-09-30 10:55:44.869657,34.82,0.379,0.74,1499.17,NORMAL
2026-09-30 10:55:45.869657,36.95,0.305,0.82,1433.98,NORMAL
2026-09-30 10:55:46.869657,34.24,0.24,0.75,1419.56,NORMAL
2026-09-30 10:55:47.869657,33.83,0.24,0.74,1451.0,NORMAL
2026-09-30 10:55:48.869657,35.47,0.172,0.83,1475.01,NORMAL
2026-09-30 10:55:49.869657,32.65,0.188,0.86,1508.4,NORMAL
2026-09-30 10:55:50.869657,41.73,0.507,1.05,1392.61,WARNING
2026-09-30 10:55:51.869657,38.17,0.235,0.91,1413.56,NORMAL
2026-09-30 10:55:52.869657,32.82,0.234,0.9,1454.25,NORMAL
2026-09-30 10:55:53.869657,33.5,0.261,0.76,1460.85,NORMAL
2026-09-30 10:55:54.869657,55.79,1.23,1.26,1200.52,FAULT
2026-09-30 10:55:55.869657,39.31,0.193,0.87,1450.94,NORMAL
2026-09-30 10:55:56.869657,35.16,0.245,0.87,1441.29,NORMAL
2026-09-30 10:55:57.869657,36.14,0.28,0.76,1442.91,NORMAL
2026-09-30 10:55:58.869657,36.07,0.205,0.8,1449.73,NORMAL
2026-09-30 10:55:59.869657,34.55,0.26,1.0,1441.0,NORMAL
2026-09-30 10:56:00.869657,35.02,0.184,0.71,1440.84,NORMAL
2026-09-30 10:56:01.869657,36.02,0.253,0.66,1430.6,NORMAL
2026-09-30 10:56:02.869657,33.12,0.243,0.7,1468.0,NORMAL
2026-09-30 10:56:03.869657,33.07,0.271,0.74,1448.12,NORMAL
2026-09-30 10:56:04.869657,35.3,0.233,0.75,1440.93,NORMAL
2026-09-30 10:56:05.869657,35.03,0.214,0.68,1477.37,NORMAL
2026-09-30 10:56:06.869657,29.89,0.297,0.69,1443.26,NORMAL
2026-09-30 10:56:07.869657,51.58,1.123,1.28,1283.89,FAULT
2026-09-30 10:56:08.869657,46.32,1.455,1.4,1161.56,FAULT
2026-09-30 10:56:09.869657,33.01,0.248,0.64,1511.82,NORMAL
2026-09-30 10:56:10.869657,34.95,0.203,0.76,1423.46,NORMAL
2026-09-30 10:56:11.869657,30.39,0.228,0.73,1381.71,NORMAL
2026-09-30 10:56:12.869657,33.66,0.302,0.75,1504.78,NORMAL
2026-09-30 10:56:13.869657,34.82,0.296,0.91,1486.43,NORMAL
2026-09-30 10:56:14.869657,46.03,0.682,1.04,1373.23,WARNING
2026-09-30 10:56:15.869657,35.47,0.227,0.74,1488.96,NORMAL
2026-09-30 10:56:16.869657,41.99,0.615,0.97,1389.59,WARNING
2026-09-30 10:56:17.869657,43.9,0.748,0.93,1331.9,WARNING
2026-09-30 10:56:18.869657,33.71,0.296,0.8,1458.06,NORMAL
2026-09-30 10:56:19.869657,36.49,0.28,0.73,1460.78,NORMAL
2026-09-30 10:56:20.869657,32.91,0.152,0.96,1416.9,NORMAL
2026-09-30 10:56:21.869657,34.03,0.233,0.82,1445.06,NORMAL
2026-09-30 10:56:22.869657,36.72,0.221,0.79,1458.48,NORMAL
2026-09-30 10:56:23.869657,37.43,0.243,0.87,1472.03,NORMAL
2026-09-30 10:56:24.869657,35.36,0.185,0.83,1430.46,NORMAL
2026-09-30 10:56:25.869657,35.06,0.175,0.84,1471.71,NORMAL
2026-09-30 10:56:26.869657,35.48,0.38,0.85,1397.18,NORMAL
2026-09-30 10:56:27.869657,35.66,0.295,0.75,1464.34,NORMAL
2026-09-30 10:56:28.869657,34.58,0.207,0.75,1467.66,NORMAL
2026-09-30 10:56:29.869657,36.44,0.322,0.76,1416.69,NORMAL
2026-09-30 10:56:30.869657,34.73,0.251,0.74,1469.45,NORMAL
2026-09-30 10:56:31.869657,32.1,0.195,0.76,1425.39,NORMAL
2026-09-30 10:56:32.869657,38.45,0.23,0.82,1477.98,NORMAL
2026-09-30 10:56:33.869657,54.24,1.101,1.55,1273.08,FAULT
2026-09-30 10:56:34.869657,38.08,0.35,0.96,1486.25,NORMAL
2026-09-30 10:56:35.869657,44.34,1.092,1.51,1233.22,FAULT
2026-09-30 10:56:36.869657,35.18,0.324,0.71,1444.19,NORMAL
2026-09-30 10:56:37.869657,33.31,0.243,0.84,1409.04,NORMAL
2026-09-30 10:56:38.869657,39.41,0.795,1.07,1360.28,WARNING
2026-09-30 10:56:39.869657,42.74,1.366,1.2,1187.05,FAULT
2026-09-30 10:56:40.869657,35.65,0.243,0.76,1402.16,NORMAL
2026-09-30 10:56:41.869657,34.26,0.27,0.78,1491.71,NORMAL
2026-09-30 10:56:42.869657,34.94,0.339,0.93,1436.29,NORMAL
2026-09-30 10:56:43.869657,35.71,0.195,0.83,1432.8,NORMAL
2026-09-30 10:56:44.869657,34.8,0.24,0.73,1425.19,NORMAL
2026-09-30 10:56:45.869657,33.32,0.204,0.78,1497.04,NORMAL
2026-09-30 10:56:46.869657,34.96,0.213,0.61,1476.52,NORMAL
2026-09-30 10:56:47.869657,49.68,1.01,1.55,1155.71,FAULT
2026-09-30 10:56:48.869657,36.59,0.187,0.82,1409.3,NORMAL
2026-09-30 10:56:49.869657,40.51,0.543,1.01,1334.42,WARNING
2026-09-30 10:56:50.869657,50.05,1.179,1.27,1252.05,FAULT
2026-09-30 10:56:51.869657,32.47,0.247,0.76,1510.3,NORMAL
2026-09-30 10:56:52.869657,36.24,0.353,0.8,1428.16,NORMAL
2026-09-30 10:56:53.869657,33.71,0.247,0.75,1468.07,NORMAL
2026-09-30 10:56:54.869657,34.03,0.202,0.81,1498.74,NORMAL
2026-09-30 10:56:55.869657,34.28,0.276,0.83,1449.04,NORMAL
2026-09-30 10:56:56.869657,44.71,0.693,0.96,1418.23,WARNING
2026-09-30 10:56:57.869657,31.34,0.26,0.83,1491.05,NORMAL
2026-09-30 10:56:58.869657,42.28,0.752,0.97,1339.87,WARNING
2026-09-30 10:56:59.869657,34.47,0.274,0.76,1434.53,NORMAL
2026-09-30 10:57:00.869657,51.91,1.353,1.57,1122.91,FAULT
2026-09-30 10:57:01.869657,44.82,0.576,1.02,1441.71,WARNING
2026-09-30 10:57:02.869657,54.69,1.092,1.59,1186.91,FAULT
2026-09-30 10:57:03.869657,38.62,0.268,0.78,1391.34,NORMAL
2026-09-30 10:57:04.869657,30.76,0.22,0.9,1449.31,NORMAL
2026-09-30 10:57:05.869657,36.09,0.208,0.75,1437.68,NORMAL
2026-09-30 10:57:06.869657,38.23,0.234,0.9,1495.64,NORMAL
2026-09-30 10:57:07.869657,42.85,0.609,1.04,1397.1,WARNING
2026-09-30 10:57:08.869657,35.57,0.237,0.85,1435.75,NORMAL
2026-09-30 10:57:09.869657,37.75,0.301,0.65,1453.78,NORMAL
2026-09-30 10:57:10.869657,36.03,0.259,0.83,1464.68,NORMAL
2026-09-30 10:57:11.869657,32.58,0.292,0.82,1469.51,NORMAL
2026-09-30 10:57:12.869657,34.73,0.201,0.89,1446.39,NORMAL
2026-09-30 10:57:13.869657,52.9,1.398,1.3,1142.97,FAULT
2026-09-30 10:57:14.869657,55.65,1.273,1.38,1194.05,FAULT
2026-09-30 10:57:15.869657,36.32,0.231,0.83,1430.63,NORMAL
2026-09-30 10:57:16.869657,34.55,0.233,0.8,1440.9,NORMAL
2026-09-30 10:57:17.869657,50.82,1.4,1.55,1185.1,FAULT
2026-09-30 10:57:18.869657,53.1,1.201,1.25,1320.78,FAULT
2026-09-30 10:57:19.869657,35.53,0.282,0.85,1530.63,NORMAL
2026-09-30 10:57:20.869657,33.69,0.158,0.84,1491.21,NORMAL
2026-09-30 10:57:21.869657,39.21,0.194,0.9,1502.49,NORMAL
2026-09-30 10:57:22.869657,35.15,0.17,0.78,1424.7,NORMAL
2026-09-30 10:57:23.869657,35.85,0.257,0.92,1468.33,NORMAL
2026-09-30 10:57:24.869657,33.75,0.26,0.74,1410.4,NORMAL
2026-09-30 10:57:25.869657,34.56,0.147,0.84,1412.8,NORMAL
2026-09-30 10:57:26.869657,35.16,0.177,0.78,1427.44,NORMAL
2026-09-30 10:57:27.869657,35.96,0.387,0.83,1444.59,NORMAL
2026-09-30 10:57:28.869657,35.43,0.212,0.77,1426.12,NORMAL
2026-09-30 10:57:29.869657,34.96,0.304,0.77,1430.41,NORMAL
2026-09-30 10:57:30.869657,31.39,0.171,0.82,1465.26,NORMAL
2026-09-30 10:57:31.869657,36.84,0.223,0.81,1431.56,NORMAL
2026-09-30 10:57:32.869657,40.98,0.631,0.74,1370.41,WARNING
2026-09-30 10:57:33.869657,36.02,0.242,0.9,1484.71,NORMAL
2026-09-30 10:57:34.869657,34.8,0.251,0.86,1457.0,NORMAL
2026-09-30 10:57:35.869657,39.83,0.608,0.96,1329.06,WARNING
2026-09-30 10:57:36.869657,33.9,0.255,0.81,1419.17,NORMAL
2026-09-30 10:57:37.869657,36.71,0.314,0.84,1475.37,NORMAL
2026-09-30 10:57:38.869657,32.61,0.296,0.88,1429.88,NORMAL
2026-09-30 10:57:39.869657,36.06,0.274,0.65,1429.2,NORMAL
2026-09-30 10:57:40.869657,37.61,0.167,0.88,1483.8,NORMAL
2026-09-30 10:57:41.869657,50.95,1.171,1.26,1276.34,FAULT
2026-09-30 10:57:42.869657,31.63,0.21,0.88,1498.47,NORMAL
2026-09-30 10:57:43.869657,53.84,1.405,1.35,1259.75,FAULT
2026-09-30 10:57:44.869657,34.82,0.231,0.78,1497.96,NORMAL
2026-09-30 10:57:45.869657,34.81,0.261,0.82,1477.12,NORMAL
2026-09-30 10:57:46.869657,34.79,0.272,0.67,1416.2,NORMAL
2026-09-30 10:57:47.869657,35.37,0.191,0.93,1457.51,NORMAL
2026-09-30 10:57:48.869657,44.82,0.985,1.52,1197.72,FAULT
2026-09-30 10:57:49.869657,36.92,0.159,0.79,1416.76,NORMAL
2026-09-30 10:57:50.869657,29.94,0.236,0.89,1508.75,NORMAL
2026-09-30 10:57:51.869657,34.1,0.186,0.8,1432.97,NORMAL
2026-09-30 10:57:52.869657,44.25,0.511,1.15,1375.36,WARNING
2026-09-30 10:57:53.869657,34.75,0.191,0.8,1461.72,NORMAL
2026-09-30 10:57:54.869657,31.45,0.313,0.73,1430.39,NORMAL
2026-09-30 10:57:55.869657,35.48,0.129,1.02,1441.91,NORMAL
2026-09-30 10:57:56.869657,34.89,0.264,0.84,1469.36,NORMAL
2026-09-30 10:57:57.869657,37.33,0.24,0.79,1480.11,NORMAL
2026-09-30 10:57:58.869657,36.31,0.26,0.8,1438.34,NORMAL
2026-09-30 10:57:59.869657,36.9,0.305,0.77,1427.59,NORMAL
2026-09-30 10:58:00.869657,33.75,0.293,0.88,1465.39,NORMAL
2026-09-30 10:58:01.869657,36.03,0.286,0.83,1432.18,NORMAL
2026-09-30 10:58:02.869657,52.25,0.932,1.39,1271.04,FAULT
2026-09-30 10:58:03.869657,34.62,0.223,0.81,1445.96,NORMAL
2026-09-30 10:58:04.869657,31.21,0.261,0.8,1425.49,NORMAL
2026-09-30 10:58:05.869657,34.64,0.254,0.79,1428.71,NORMAL
2026-09-30 10:58:06.869657,33.46,0.203,0.87,1444.19,NORMAL
2026-09-30 10:58:07.869657,31.92,0.243,0.81,1450.69,NORMAL
2026-09-30 10:58:08.869657,37.72,0.185,0.56,1455.52,NORMAL
2026-09-30 10:58:09.869657,33.7,0.259,0.71,1473.47,NORMAL
2026-09-30 10:58:10.869657,44.6,0.557,1.08,1454.36,WARNING
2026-09-30 10:58:11.869657,35.67,0.203,0.75,1450.46,NORMAL
2026-09-30 10:58:12.869657,34.34,0.258,0.87,1423.99,NORMAL
2026-09-30 10:58:13.869657,34.45,0.211,0.86,1435.35,NORMAL
2026-09-30 10:58:14.869657,35.53,0.26,0.87,1445.88,NORMAL
2026-09-30 10:58:15.869657,34.87,0.349,0.93,1410.16,NORMAL
2026-09-30 10:58:16.869657,36.93,0.312,0.81,1455.92,NORMAL
2026-09-30 10:58:17.869657,35.41,0.236,0.76,1454.19,NORMAL
2026-09-30 10:58:18.869657,35.0,0.28,0.68,1381.11,NORMAL
2026-09-30 10:58:19.869657,32.19,0.179,0.9,1440.4,NORMAL
2026-09-30 10:58:20.869657,36.24,0.193,0.88,1447.73,NORMAL
2026-09-30 10:58:21.869657,36.94,0.33,0.74,1437.46,NORMAL
2026-09-30 10:58:22.869657,33.26,0.306,0.7,1499.28,NORMAL
2026-09-30 10:58:23.869657,46.5,1.152,1.24,1132.3,FAULT
2026-09-30 10:58:24.869657,34.54,0.2,0.6,1444.27,NORMAL
2026-09-30 10:58:25.869657,34.85,0.251,0.84,1448.75,NORMAL
2026-09-30 10:58:26.869657,32.64,0.306,0.86,1471.55,NORMAL
2026-09-30 10:58:27.869657,34.52,0.26,0.88,1427.73,NORMAL
2026-09-30 10:58:28.869657,32.52,0.177,0.81,1451.53,NORMAL
2026-09-30 10:58:29.869657,36.34,0.284,0.62,1421.91,NORMAL
2026-09-30 10:58:30.869657,54.37,1.333,1.5,1201.14,FAULT
2026-09-30 10:58:31.869657,36.07,0.253,0.78,1430.5,NORMAL
2026-09-30 10:58:32.869657,34.25,0.234,0.9,1466.73,NORMAL
2026-09-30 10:58:33.869657,35.65,0.232,0.7,1497.34,NORMAL
2026-09-30 10:58:34.869657,33.38,0.187,0.78,1463.99,NORMAL
2026-09-30 10:58:35.869657,35.66,0.281,0.71,1445.33,NORMAL
2026-09-30 10:58:36.869657,44.53,1.343,1.55,1218.22,FAULT
2026-09-30 10:58:37.869657,33.87,0.246,0.78,1413.04,NORMAL
2026-09-30 10:58:38.869657,34.14,0.279,0.67,1463.87,NORMAL
2026-09-30 10:58:39.869657,42.32,0.73,1.1,1305.23,WARNING
2026-09-30 10:58:40.869657,35.85,0.251,0.75,1464.64,NORMAL
2026-09-30 10:58:41.869657,40.47,0.723,1.11,1434.05,WARNING
2026-09-30 10:58:42.869657,32.5,0.28,0.87,1436.44,NORMAL
2026-09-30 10:58:43.869657,34.69,0.206,0.8,1435.4,NORMAL
2026-09-30 10:58:44.869657,34.28,0.218,0.86,1444.56,NORMAL
2026-09-30 10:58:45.869657,32.31,0.17,0.82,1454.51,NORMAL
2026-09-30 10:58:46.869657,31.27,0.3,0.75,1473.72,NORMAL
2026-09-30 10:58:47.869657,37.76,0.188,0.74,1432.07,NORMAL
2026-09-30 10:58:48.869657,35.03,0.202,0.77,1470.59,NORMAL
2026-09-30 10:58:49.869657,31.92,0.349,0.84,1529.03,NORMAL
2026-09-30 10:58:50.869657,33.2,0.183,0.78,1477.65,NORMAL
2026-09-30 10:58:51.869657,40.27,0.533,0.97,1353.12,WARNING
2026-09-30 10:58:52.869657,29.79,0.26,0.83,1462.13,NORMAL
2026-09-30 10:58:53.869657,37.07,0.287,0.72,1462.68,NORMAL
2026-09-30 10:58:54.869657,40.04,0.466,0.94,1345.3,WARNING
2026-09-30 10:58:55.869657,50.83,1.379,1.21,1178.07,FAULT
2026-09-30 10:58:56.869657,36.33,0.273,0.66,1429.67,NORMAL
2026-09-30 10:58:57.869657,36.73,0.279,0.76,1415.94,NORMAL
2026-09-30 10:58:58.869657,49.25,1.347,1.41,1212.27,FAULT
2026-09-30 10:58:59.869657,36.14,0.255,0.67,1473.79,NORMAL
2026-09-30 10:59:00.869657,34.23,0.263,0.96,1543.3,NORMAL
2026-09-30 10:59:01.869657,37.16,0.3,0.87,1447.77,NORMAL
2026-09-30 10:59:02.869657,42.4,0.572,1.16,1295.83,WARNING
2026-09-30 10:59:03.869657,37.12,0.297,0.85,1452.64,NORMAL
2026-09-30 10:59:04.869657,32.82,0.231,0.86,1475.47,NORMAL
2026-09-30 10:59:05.869657,34.88,0.273,0.86,1419.96,NORMAL
2026-09-30 10:59:06.869657,36.0,0.252,0.8,1430.19,NORMAL
2026-09-30 10:59:07.869657,34.52,0.263,0.82,1491.6,NORMAL
2026-09-30 10:59:08.869657,34.04,0.207,0.86,1438.24,NORMAL
2026-09-30 10:59:09.869657,33.7,0.289,0.89,1508.04,NORMAL
2026-09-30 10:59:10.869657,34.26,0.257,0.66,1462.26,NORMAL
2026-09-30 10:59:11.869657,37.5,0.174,0.9,1423.95,NORMAL
2026-09-30 10:59:12.869657,47.67,1.331,1.37,1236.35,FAULT
2026-09-30 10:59:13.869657,38.3,0.559,1.11,1287.12,WARNING
2026-09-30 10:59:14.869657,35.07,0.212,0.78,1422.27,NORMAL
2026-09-30 10:59:15.869657,33.71,0.335,0.71,1400.16,NORMAL
2026-09-30 10:59:16.869657,34.83,0.178,0.73,1419.88,NORMAL
2026-09-30 10:59:17.869657,51.17,1.244,1.45,1265.46,FAULT
2026-09-30 10:59:18.869657,36.62,0.193,0.87,1496.14,NORMAL
2026-09-30 10:59:19.869657,36.31,0.173,0.78,1458.3,NORMAL
2026-09-30 10:59:20.869657,37.09,0.308,0.78,1448.7,NORMAL
2026-09-30 10:59:21.869657,34.35,0.169,0.79,1464.92,NORMAL
2026-09-30 10:59:22.869657,53.61,1.348,1.37,1255.96,FAULT
2026-09-30 10:59:23.869657,38.35,0.225,0.8,1447.4,NORMAL
2026-09-30 10:59:24.869657,41.68,0.706,0.86,1383.07,WARNING
2026-09-30 10:59:25.869657,33.6,0.206,0.94,1440.98,NORMAL
2026-09-30 10:59:26.869657,33.84,0.262,0.84,1464.16,NORMAL
2026-09-30 10:59:27.869657,32.2,0.26,0.91,1470.44,NORMAL
2026-09-30 10:59:28.869657,33.47,0.252,0.85,1443.72,NORMAL
2026-09-30 10:59:29.869657,31.56,0.264,0.86,1441.91,NORMAL
2026-09-30 10:59:30.869657,34.54,0.323,0.69,1470.79,NORMAL
2026-09-30 10:59:31.869657,50.02,0.924,1.42,1302.24,FAULT
2026-09-30 10:59:32.869657,35.05,0.154,0.8,1429.31,NORMAL
2026-09-30 10:59:33.869657,35.5,0.231,0.94,1419.45,NORMAL
2026-09-30 10:59:34.869657,34.44,0.236,0.86,1460.2,NORMAL
2026-09-30 10:59:35.869657,33.61,0.266,0.72,1416.49,NORMAL
2026-09-30 10:59:36.869657,40.9,0.312,0.69,1410.33,NORMAL
2026-09-30 10:59:37.869657,33.66,0.3,0.71,1409.1,NORMAL
2026-09-30 10:59:38.869657,43.69,0.611,1.08,1403.68,WARNING
2026-09-30 10:59:39.869657,34.22,0.33,0.71,1460.77,NORMAL
2026-09-30 10:59:40.869657,40.12,0.62,1.01,1339.65,WARNING
2026-09-30 10:59:41.869657,34.44,0.271,0.74,1441.36,NORMAL
2026-09-30 10:59:42.869657,39.85,0.272,0.69,1433.06,NORMAL
2026-09-30 10:59:43.869657,35.23,0.272,0.63,1492.39,NORMAL
2026-09-30 10:59:44.869657,38.74,0.269,0.73,1466.04,NORMAL
2026-09-30 10:59:45.869657,44.66,0.473,1.01,1452.29,WARNING
2026-09-30 10:59:46.869657,33.01,0.283,0.87,1442.96,NORMAL
2026-09-30 10:59:47.869657,29.63,0.263,0.8,1427.05,NORMAL
2026-09-30 10:59:48.869657,37.93,0.3,0.82,1502.76,NORMAL
2026-09-30 10:59:49.869657,35.72,0.267,0.63,1444.39,NORMAL
2026-09-30 10:59:50.869657,32.36,0.24,0.74,1448.09,NORMAL
2026-09-30 10:59:51.869657,50.93,0.941,1.39,1180.76,FAULT
2026-09-30 10:59:52.869657,31.25,0.281,0.75,1414.31,NORMAL
2026-09-30 10:59:53.869657,34.63,0.219,0.94,1441.51,NORMAL
2026-09-30 10:59:54.869657,36.3,0.193,0.78,1449.8,NORMAL
2026-09-30 10:59:55.869657,35.54,0.326,0.91,1462.44,NORMAL
2026-09-30 10:59:56.869657,35.17,0.321,0.83,1424.17,NORMAL
2026-09-30 10:59:57.869657,33.56,0.276,0.81,1446.46,NORMAL
2026-09-30 10:59:58.869657,35.39,0.266,0.94,1482.15,NORMAL
2026-09-30 10:59:59.869657,38.73,0.305,0.79,1413.49,NORMAL
2026-09-30 11:00:00.869657,33.3,0.217,0.71,1426.46,NORMAL
2026-09-30 11:00:01.869657,53.66,1.072,1.42,1202.0,FAULT
2026-09-30 11:00:02.869657,33.68,0.293,0.71,1476.71,NORMAL
2026-09-30 11:00:03.869657,32.16,0.305,0.73,1431.71,NORMAL
2026-09-30 11:00:04.869657,35.93,0.182,0.87,1413.02,NORMAL
2026-09-30 11:00:05.869657,36.43,0.288,0.72,1493.04,NORMAL
2026-09-30 11:00:06.869657,35.7,0.172,0.81,1442.1,NORMAL
2026-09-30 11:00:07.869657,36.34,0.235,0.76,1469.34,NORMAL
2026-09-30 11:00:08.869657,50.12,1.351,1.35,1245.76,FAULT
2026-09-30 11:00:09.869657,50.97,1.256,1.53,1225.2,FAULT
2026-09-30 11:00:10.869657,35.5,0.302,0.81,1450.72,NORMAL
2026-09-30 11:00:11.869657,38.54,0.225,0.69,1433.4,NORMAL
2026-09-30 11:00:12.869657,35.74,0.145,0.85,1476.56,NORMAL
2026-09-30 11:00:13.869657,34.87,0.217,0.9,1485.13,NORMAL
2026-09-30 11:00:14.869657,38.93,0.25,0.88,1490.24,NORMAL
2026-09-30 11:00:15.869657,35.81,0.199,0.7,1461.2,NORMAL
2026-09-30 11:00:16.869657,56.77,1.189,1.45,1184.55,FAULT
2026-09-30 11:00:17.869657,33.04,0.403,0.71,1440.62,NORMAL
2026-09-30 11:00:18.869657,35.77,0.24,0.94,1497.19,NORMAL
2026-09-30 11:00:19.869657,33.39,0.243,0.87,1457.84,NORMAL
2026-09-30 11:00:20.869657,32.74,0.281,0.85,1425.87,NORMAL
2026-09-30 11:00:21.869657,48.93,0.894,1.69,1173.85,FAULT
2026-09-30 11:00:22.869657,34.59,0.213,0.79,1403.54,NORMAL
2026-09-30 11:00:23.869657,31.6,0.227,0.75,1481.56,NORMAL
2026-09-30 11:00:24.869657,34.03,0.232,0.74,1411.12,NORMAL
2026-09-30 11:00:25.869657,38.74,0.612,1.03,1332.25,WARNING
2026-09-30 11:00:26.869657,42.02,0.547,1.01,1472.56,WARNING
2026-09-30 11:00:27.869657,31.23,0.23,0.71,1380.34,NORMAL
2026-09-30 11:00:28.869657,38.67,0.291,0.84,1461.06,NORMAL
2026-09-30 11:00:29.869657,37.45,0.257,0.71,1435.02,NORMAL
2026-09-30 11:00:30.869657,34.9,0.335,0.9,1448.14,NORMAL
2026-09-30 11:00:31.869657,34.45,0.303,0.76,1391.07,NORMAL
2026-09-30 11:00:32.869657,34.51,0.235,0.95,1498.78,NORMAL
2026-09-30 11:00:33.869657,32.53,0.283,0.63,1475.91,NORMAL
2026-09-30 11:00:34.869657,35.43,0.195,0.75,1424.88,NORMAL
2026-09-30 11:00:35.869657,35.88,0.228,0.83,1444.27,NORMAL
2026-09-30 11:00:36.869657,32.79,0.261,0.9,1434.6,NORMAL
2026-09-30 11:00:37.869657,43.27,0.474,0.98,1326.64,WARNING
2026-09-30 11:00:38.869657,33.32,0.206,0.84,1486.87,NORMAL
2026-09-30 11:00:39.869657,34.72,0.191,0.74,1442.15,NORMAL
2026-09-30 11:00:40.869657,33.13,0.217,0.82,1444.38,NORMAL
2026-09-30 11:00:41.869657,38.18,0.24,0.8,1413.58,NORMAL
2026-09-30 11:00:42.869657,45.99,1.124,1.37,1219.22,FAULT
2026-09-30 11:00:43.869657,50.55,1.157,1.48,1275.95,FAULT
2026-09-30 11:00:44.869657,34.91,0.229,0.75,1459.89,NORMAL
2026-09-30 11:00:45.869657,33.37,0.223,0.9,1435.39,NORMAL
2026-09-30 11:00:46.869657,33.93,0.268,0.74,1472.74,NORMAL
2026-09-30 11:00:47.869657,54.75,1.171,1.46,1259.85,FAULT
2026-09-30 11:00:48.869657,34.61,0.247,0.81,1457.57,NORMAL
2026-09-30 11:00:49.869657,36.39,0.177,0.71,1484.41,NORMAL
2026-09-30 11:00:50.869657,33.22,0.298,0.87,1494.18,NORMAL
2026-09-30 11:00:51.869657,32.82,0.186,0.79,1426.02,NORMAL
2026-09-30 11:00:52.869657,47.92,0.924,1.49,1271.71,FAULT
2026-09-30 11:00:53.869657,34.89,0.274,0.67,1450.3,NORMAL
2026-09-30 11:00:54.869657,37.41,0.289,0.84,1495.63,NORMAL
2026-09-30 11:00:55.869657,36.13,0.285,0.85,1416.48,NORMAL
2026-09-30 11:00:56.869657,36.86,0.238,0.89,1416.81,NORMAL
2026-09-30 11:00:57.869657,34.0,0.225,0.73,1393.46,NORMAL
2026-09-30 11:00:58.869657,35.71,0.221,0.65,1458.1,NORMAL
2026-09-30 11:00:59.869657,43.84,0.639,0.87,1319.55,WARNING
2026-09-30 11:01:00.869657,36.09,0.26,0.82,1488.17,NORMAL
2026-09-30 11:01:01.869657,42.03,0.632,0.96,1317.13,WARNING
2026-09-30 11:01:02.869657,38.03,0.28,0.81,1443.63,NORMAL
2026-09-30 11:01:03.869657,31.51,0.279,0.79,1463.52,NORMAL
2026-09-30 11:01:04.869657,34.17,0.344,0.84,1409.94,NORMAL
2026-09-30 11:01:05.869657,31.27,0.301,0.83,1463.0,NORMAL
2026-09-30 11:01:06.869657,32.43,0.18,0.75,1481.15,NORMAL
2026-09-30 11:01:07.869657,34.86,0.207,0.9,1448.06,NORMAL
2026-09-30 11:01:08.869657,37.4,0.227,0.77,1484.62,NORMAL
2026-09-30 11:01:09.869657,50.58,1.085,1.29,1260.25,FAULT
2026-09-30 11:01:10.869657,35.12,0.272,0.77,1455.11,NORMAL
2026-09-30 11:01:11.869657,49.08,1.135,1.38,1189.58,FAULT
2026-09-30 11:01:12.869657,41.98,0.634,0.93,1312.9,WARNING
2026-09-30 11:01:13.869657,34.67,0.216,0.77,1439.51,NORMAL
2026-09-30 11:01:14.869657,34.81,0.224,0.68,1459.65,NORMAL
2026-09-30 11:01:15.869657,35.71,0.237,0.91,1492.88,NORMAL
2026-09-30 11:01:16.869657,35.4,0.332,0.74,1504.54,NORMAL
2026-09-30 11:01:17.869657,34.4,0.264,0.81,1487.64,NORMAL
2026-09-30 11:01:18.869657,31.07,0.194,0.79,1459.3,NORMAL
2026-09-30 11:01:19.869657,39.7,0.117,0.85,1397.06,NORMAL
2026-09-30 11:01:20.869657,34.81,0.271,0.73,1488.38,NORMAL
2026-09-30 11:01:21.869657,37.69,0.226,0.81,1439.91,NORMAL
2026-09-30 11:01:22.869657,33.54,0.268,0.7,1467.17,NORMAL
2026-09-30 11:01:23.869657,30.5,0.313,0.77,1439.85,NORMAL
2026-09-30 11:01:24.869657,39.88,0.661,1.0,1361.02,WARNING
2026-09-30 11:01:25.869657,49.99,1.06,1.16,1209.33,FAULT
2026-09-30 11:01:26.869657,34.82,0.248,0.66,1494.85,NORMAL
2026-09-30 11:01:27.869657,31.53,0.267,0.72,1478.03,NORMAL
2026-09-30 11:01:28.869657,36.69,0.144,0.79,1431.92,NORMAL
2026-09-30 11:01:29.869657,33.82,0.283,0.85,1433.54,NORMAL
2026-09-30 11:01:30.869657,46.89,1.257,1.29,1215.04,FAULT
2026-09-30 11:01:31.869657,38.57,0.658,1.11,1313.5,WARNING
2026-09-30 11:01:32.869657,34.08,0.215,0.71,1397.45,NORMAL
2026-09-30 11:01:33.869657,38.14,0.207,0.84,1415.87,NORMAL
2026-09-30 11:01:34.869657,33.0,0.212,0.68,1434.96,NORMAL
2026-09-30 11:01:35.869657,44.46,0.607,1.0,1408.41,WARNING
2026-09-30 11:01:36.869657,36.79,0.341,0.77,1471.37,NORMAL
2026-09-30 11:01:37.869657,32.37,0.338,0.65,1426.47,NORMAL
2026-09-30 11:01:38.869657,34.26,0.272,0.81,1462.76,NORMAL
2026-09-30 11:01:39.869657,37.94,0.265,0.85,1428.27,NORMAL
2026-09-30 11:01:40.869657,36.8,0.273,0.89,1414.66,NORMAL
2026-09-30 11:01:41.869657,38.25,0.296,0.66,1504.83,NORMAL
2026-09-30 11:01:42.869657,33.53,0.286,0.72,1472.72,NORMAL
2026-09-30 11:01:43.869657,50.73,1.09,1.48,1170.43,FAULT
2026-09-30 11:01:44.869657,34.16,0.149,0.71,1507.34,NORMAL
2026-09-30 11:01:45.869657,52.81,1.153,1.44,1227.27,FAULT
2026-09-30 11:01:46.869657,39.95,0.591,0.99,1353.37,WARNING
2026-09-30 11:01:47.869657,35.22,0.258,0.89,1484.82,NORMAL
2026-09-30 11:01:48.869657,33.24,0.214,0.89,1493.09,NORMAL
2026-09-30 11:01:49.869657,41.9,0.637,0.93,1356.28,WARNING
2026-09-30 11:01:50.869657,38.57,0.62,1.04,1396.19,WARNING
2026-09-30 11:01:51.869657,50.54,1.063,1.49,1324.67,FAULT
2026-09-30 11:01:52.869657,44.26,0.573,0.96,1304.0,WARNING
2026-09-30 11:01:53.869657,33.88,0.301,0.73,1401.02,NORMAL
2026-09-30 11:01:54.869657,40.16,0.715,1.07,1296.52,WARNING
2026-09-30 11:01:55.869657,39.15,0.59,1.05,1381.47,WARNING
2026-09-30 11:01:56.869657,34.28,0.271,0.8,1420.53,NORMAL
2026-09-30 11:01:57.869657,33.29,0.254,0.89,1518.35,NORMAL
2026-09-30 11:01:58.869657,37.21,0.274,0.8,1432.32,NORMAL
2026-09-30 11:01:59.869657,33.32,0.196,0.87,1457.16,NORMAL
2026-09-30 11:02:00.869657,38.18,0.279,0.91,1409.74,NORMAL
2026-09-30 11:02:01.869657,36.2,0.204,0.64,1474.27,NORMAL
2026-09-30 11:02:02.869657,32.95,0.312,0.72,1498.85,NORMAL
2026-09-30 11:02:03.869657,30.49,0.191,0.82,1420.64,NORMAL
2026-09-30 11:02:04.869657,41.76,0.741,1.0,1300.67,WARNING
2026-09-30 11:02:05.869657,33.14,0.238,0.78,1478.8,NORMAL
2026-09-30 11:02:06.869657,33.58,0.348,0.76,1455.33,NORMAL
2026-09-30 11:02:07.869657,35.35,0.276,1.0,1433.73,NORMAL
2026-09-30 11:02:08.869657,40.04,0.461,0.89,1315.83,WARNING
2026-09-30 11:02:09.869657,36.99,0.263,0.65,1477.59,NORMAL
2026-09-30 11:02:10.869657,33.37,0.254,0.87,1454.17,NORMAL
2026-09-30 11:02:11.869657,33.46,0.228,0.78,1415.52,NORMAL
2026-09-30 11:02:12.869657,36.01,0.324,0.98,1437.87,NORMAL
2026-09-30 11:02:13.869657,47.64,1.205,1.48,1135.2,FAULT
2026-09-30 11:02:14.869657,34.56,0.352,0.75,1437.91,NORMAL
2026-09-30 11:02:15.869657,32.47,0.326,0.81,1432.31,NORMAL
2026-09-30 11:02:16.869657,32.41,0.223,0.75,1447.68,NORMAL
2026-09-30 11:02:17.869657,35.65,0.31,0.89,1433.22,NORMAL
2026-09-30 11:02:18.869657,35.89,0.305,0.84,1490.39,NORMAL
2026-09-30 11:02:19.869657,35.1,0.279,0.69,1465.16,NORMAL
2026-09-30 11:02:20.869657,32.42,0.265,0.81,1431.58,NORMAL
2026-09-30 11:02:21.869657,31.91,0.257,0.75,1457.05,NORMAL
2026-09-30 11:02:22.869657,48.2,1.136,1.36,1204.93,FAULT
2026-09-30 11:02:23.869657,50.34,1.199,1.49,1216.6,FAULT
2026-09-30 11:02:24.869657,35.35,0.183,0.77,1453.96,NORMAL
2026-09-30 11:02:25.869657,34.02,0.291,0.67,1453.59,NORMAL
2026-09-30 11:02:26.869657,36.96,0.145,0.89,1491.59,NORMAL
2026-09-30 11:02:27.869657,29.72,0.234,0.81,1465.22,NORMAL
2026-09-30 11:02:28.869657,41.94,0.573,0.98,1346.09,WARNING
2026-09-30 11:02:29.869657,33.21,0.184,0.84,1439.55,NORMAL
2026-09-30 11:02:30.869657,42.79,0.482,1.07,1356.17,WARNING
2026-09-30 11:02:31.869657,54.32,0.948,1.39,1226.17,FAULT
2026-09-30 11:02:32.869657,40.96,0.61,1.0,1358.17,WARNING
2026-09-30 11:02:33.869657,37.74,0.192,0.59,1434.36,NORMAL
2026-09-30 11:02:34.869657,37.99,0.343,0.79,1412.83,NORMAL
2026-09-30 11:02:35.869657,32.21,0.267,0.9,1431.28,NORMAL
2026-09-30 11:02:36.869657,36.76,0.196,0.91,1459.39,NORMAL
2026-09-30 11:02:37.869657,34.48,0.372,0.77,1431.64,NORMAL
2026-09-30 11:02:38.869657,35.69,0.376,0.65,1449.03,NORMAL
2026-09-30 11:02:39.869657,35.13,0.232,0.73,1448.14,NORMAL
2026-09-30 11:02:40.869657,34.76,0.768,1.09,1312.48,WARNING
2026-09-30 11:02:41.869657,37.51,0.27,0.92,1436.84,NORMAL
2026-09-30 11:02:42.869657,32.46,0.264,0.73,1430.85,NORMAL
2026-09-30 11:02:43.869657,36.05,0.158,0.68,1505.88,NORMAL
2026-09-30 11:02:44.869657,35.14,0.185,0.74,1422.46,NORMAL
2026-09-30 11:02:45.869657,37.67,0.309,0.79,1479.98,NORMAL
2026-09-30 11:02:46.869657,37.52,0.307,0.72,1480.21,NORMAL
2026-09-30 11:02:47.869657,34.45,0.273,0.76,1439.03,NORMAL
2026-09-30 11:02:48.869657,39.1,0.25,0.86,1426.27,NORMAL
2026-09-30 11:02:49.869657,33.39,0.165,0.84,1455.63,NORMAL
2026-09-30 11:02:50.869657,36.39,0.287,0.72,1441.48,NORMAL
2026-09-30 11:02:51.869657,36.06,0.331,0.8,1406.17,NORMAL
2026-09-30 11:02:52.869657,38.8,0.203,0.73,1472.92,NORMAL
2026-09-30 11:02:53.869657,33.33,0.218,0.81,1452.27,NORMAL
2026-09-30 11:02:54.869657,35.84,0.263,0.77,1461.1,NORMAL
2026-09-30 11:02:55.869657,37.47,0.487,1.06,1290.59,WARNING
2026-09-30 11:02:56.869657,44.71,0.712,1.07,1383.36,WARNING
2026-09-30 11:02:57.869657,39.44,0.25,0.72,1450.87,NORMAL
2026-09-30 11:02:58.869657,35.75,0.266,0.9,1412.26,NORMAL
2026-09-30 11:02:59.869657,36.63,0.229,0.83,1428.34,NORMAL
2026-09-30 11:03:00.869657,49.89,1.176,1.53,1244.68,FAULT
2026-09-30 11:03:01.869657,35.68,0.233,0.69,1456.35,NORMAL
2026-09-30 11:03:02.869657,39.97,0.263,0.9,1445.45,NORMAL
2026-09-30 11:03:03.869657,33.81,0.266,0.84,1478.12,NORMAL
2026-09-30 11:03:04.869657,36.74,0.234,0.75,1459.98,NORMAL
2026-09-30 11:03:05.869657,35.15,0.259,0.69,1473.8,NORMAL
2026-09-30 11:03:06.869657,38.78,0.629,1.05,1403.65,WARNING
2026-09-30 11:03:07.869657,32.26,0.187,0.58,1478.28,NORMAL
2026-09-30 11:03:08.869657,41.49,0.365,0.79,1446.81,NORMAL
2026-09-30 11:03:09.869657,40.81,0.732,1.1,1342.74,WARNING
2026-09-30 11:03:10.869657,36.72,0.209,0.64,1454.35,NORMAL
2026-09-30 11:03:11.869657,47.04,1.102,1.27,1318.56,FAULT
2026-09-30 11:03:12.869657,33.57,0.276,0.83,1455.04,NORMAL
2026-09-30 11:03:13.869657,35.07,0.198,0.7,1405.31,NORMAL
2026-09-30 11:03:14.869657,33.83,0.266,0.9,1436.55,NORMAL
2026-09-30 11:03:15.869657,38.81,0.22,0.89,1450.84,NORMAL
2026-09-30 11:03:16.869657,35.55,0.249,0.83,1449.67,NORMAL
2026-09-30 11:03:17.869657,35.5,0.169,0.82,1433.12,NORMAL
2026-09-30 11:03:18.869657,49.41,0.967,1.37,1274.84,FAULT
2026-09-30 11:03:19.869657,35.47,0.184,0.75,1400.07,NORMAL
2026-09-30 11:03:20.869657,30.85,0.246,0.79,1440.2,NORMAL
2026-09-30 11:03:21.869657,33.16,0.225,0.77,1458.66,NORMAL
2026-09-30 11:03:22.869657,44.49,0.519,1.05,1310.68,WARNING
2026-09-30 11:03:23.869657,33.72,0.205,0.73,1406.12,NORMAL
2026-09-30 11:03:24.869657,32.57,0.258,0.73,1465.41,NORMAL
2026-09-30 11:03:25.869657,45.17,0.477,1.04,1397.66,WARNING
2026-09-30 11:03:26.869657,34.23,0.244,0.77,1414.48,NORMAL
2026-09-30 11:03:27.869657,35.81,0.223,0.91,1433.03,NORMAL
2026-09-30 11:03:28.869657,46.0,1.063,1.55,1261.03,FAULT
2026-09-30 11:03:29.869657,40.78,0.467,0.92,1371.17,WARNING
2026-09-30 11:03:30.869657,38.22,0.291,0.89,1436.11,NORMAL
2026-09-30 11:03:31.869657,37.82,0.243,0.77,1474.03,NORMAL
2026-09-30 11:03:32.869657,34.27,0.242,0.69,1467.74,NORMAL
2026-09-30 11:03:33.869657,33.93,0.237,0.72,1448.64,NORMAL
2026-09-30 11:03:34.869657,35.64,0.333,0.81,1479.88,NORMAL
2026-09-30 11:03:35.869657,34.06,0.229,0.78,1467.87,NORMAL
2026-09-30 11:03:36.869657,46.09,1.189,1.37,1195.7,FAULT
2026-09-30 11:03:37.869657,34.71,0.289,0.82,1446.95,NORMAL
2026-09-30 11:03:38.869657,30.61,0.242,0.81,1475.49,NORMAL
2026-09-30 11:03:39.869657,33.92,0.303,0.89,1443.43,NORMAL
2026-09-30 11:03:40.869657,37.79,0.286,0.83,1461.39,NORMAL
2026-09-30 11:03:41.869657,34.75,0.222,0.76,1508.2,NORMAL
2026-09-30 11:03:42.869657,37.65,0.18,0.85,1427.9,NORMAL
2026-09-30 11:03:43.869657,33.69,0.203,0.79,1499.94,NORMAL
2026-09-30 11:03:44.869657,34.83,0.277,0.88,1448.22,NORMAL
2026-09-30 11:03:45.869657,32.97,0.292,0.72,1445.6,NORMAL
2026-09-30 11:03:46.869657,36.92,0.273,0.71,1455.17,NORMAL
2026-09-30 11:03:47.869657,38.04,0.283,0.65,1475.93,NORMAL
2026-09-30 11:03:48.869657,34.3,0.211,0.83,1486.91,NORMAL
2026-09-30 11:03:49.869657,55.1,1.354,1.34,1224.37,FAULT
2026-09-30 11:03:50.869657,41.3,0.421,1.14,1361.14,WARNING
2026-09-30 11:03:51.869657,35.82,0.294,0.85,1447.48,NORMAL
2026-09-30 11:03:52.869657,35.1,0.288,0.75,1460.89,NORMAL
2026-09-30 11:03:53.869657,39.97,0.313,0.71,1460.4,NORMAL
2026-09-30 11:03:54.869657,35.7,0.254,0.83,1455.75,NORMAL
2026-09-30 11:03:55.869657,32.45,0.269,0.89,1495.24,NORMAL
2026-09-30 11:03:56.869657,50.14,0.45,0.94,1293.91,WARNING
2026-09-30 11:03:57.869657,33.48,0.347,0.84,1398.94,NORMAL
2026-09-30 11:03:58.869657,30.87,0.251,0.63,1440.39,NORMAL
2026-09-30 11:03:59.869657,54.78,1.147,1.44,1315.65,FAULT
2026-09-30 11:04:00.869657,36.62,0.649,0.87,1361.32,WARNING
2026-09-30 11:04:01.869657,51.85,1.186,1.39,1202.71,FAULT
2026-09-30 11:04:02.869657,33.64,0.234,0.74,1442.21,NORMAL
2026-09-30 11:04:03.869657,35.56,0.301,0.71,1479.86,NORMAL
2026-09-30 11:04:04.869657,32.7,0.108,0.74,1478.7,NORMAL
2026-09-30 11:04:05.869657,36.75,0.248,0.87,1516.13,NORMAL
2026-09-30 11:04:06.869657,47.03,1.407,1.41,1293.96,FAULT
2026-09-30 11:04:07.869657,42.96,0.653,0.99,1333.31,WARNING
2026-09-30 11:04:08.869657,36.5,0.264,0.72,1459.56,NORMAL
2026-09-30 11:04:09.869657,36.53,0.306,0.73,1432.72,NORMAL
2026-09-30 11:04:10.869657,31.92,0.243,0.76,1453.39,NORMAL
2026-09-30 11:04:11.869657,32.65,0.245,0.78,1439.15,NORMAL
2026-09-30 11:04:12.869657,38.36,0.154,0.9,1443.27,NORMAL
2026-09-30 11:04:13.869657,35.16,0.207,0.78,1472.81,NORMAL
2026-09-30 11:04:14.869657,32.8,0.321,0.79,1456.65,NORMAL
2026-09-30 11:04:15.869657,50.91,1.058,1.37,1176.89,FAULT
2026-09-30 11:04:16.869657,37.7,0.294,0.79,1457.29,NORMAL
2026-09-30 11:04:17.869657,37.11,0.241,0.75,1417.17,NORMAL
2026-09-30 11:04:18.869657,38.12,0.173,0.93,1438.82,NORMAL
2026-09-30 11:04:19.869657,34.71,0.234,0.7,1447.05,NORMAL
2026-09-30 11:04:20.869657,41.37,0.643,1.06,1336.12,WARNING
2026-09-30 11:04:21.869657,35.27,0.119,0.78,1452.95,NORMAL
2026-09-30 11:04:22.869657,34.89,0.267,0.87,1450.13,NORMAL
2026-09-30 11:04:23.869657,37.68,0.268,0.79,1483.15,NORMAL
2026-09-30 11:04:24.869657,35.78,0.245,0.76,1457.31,NORMAL
2026-09-30 11:04:25.869657,33.47,0.248,0.62,1489.59,NORMAL
2026-09-30 11:04:26.869657,36.05,0.226,0.75,1452.53,NORMAL
2026-09-30 11:04:27.869657,31.28,0.256,0.89,1447.06,NORMAL
2026-09-30 11:04:28.869657,34.41,0.238,0.88,1428.64,NORMAL
2026-09-30 11:04:29.869657,33.81,0.226,0.84,1444.76,NORMAL
2026-09-30 11:04:30.869657,34.98,0.265,0.95,1439.71,NORMAL
2026-09-30 11:04:31.869657,33.06,0.299,0.79,1416.76,NORMAL
2026-09-30 11:04:32.869657,34.17,0.247,0.83,1457.91,NORMAL
2026-09-30 11:04:33.869657,31.58,0.382,0.87,1442.34,NORMAL
2026-09-30 11:04:34.869657,37.19,0.172,0.56,1467.14,NORMAL
2026-09-30 11:04:35.869657,31.71,0.28,0.75,1402.85,NORMAL
2026-09-30 11:04:36.869657,35.22,0.219,0.84,1364.36,NORMAL
2026-09-30 11:04:37.869657,33.84,0.237,0.79,1462.9,NORMAL
2026-09-30 11:04:38.869657,35.09,0.278,0.95,1435.55,NORMAL
2026-09-30 11:04:39.869657,38.98,0.364,0.71,1439.94,NORMAL
2026-09-30 11:04:40.869657,34.99,0.309,0.69,1465.6,NORMAL
2026-09-30 11:04:41.869657,41.61,0.651,1.09,1303.52,WARNING
2026-09-30 11:04:42.869657,37.91,0.246,0.65,1476.76,NORMAL
2026-09-30 11:04:43.869657,49.96,1.121,1.24,1155.92,FAULT
2026-09-30 11:04:44.869657,37.15,0.261,0.82,1417.25,NORMAL
2026-09-30 11:04:45.869657,38.26,0.281,0.74,1442.87,NORMAL
2026-09-30 11:04:46.869657,37.0,0.236,0.86,1441.25,NORMAL
2026-09-30 11:04:47.869657,31.22,0.22,0.96,1458.13,NORMAL
2026-09-30 11:04:48.869657,34.74,0.224,0.69,1417.61,NORMAL
2026-09-30 11:04:49.869657,32.99,0.221,0.69,1386.29,NORMAL
2026-09-30 11:04:50.869657,37.32,0.299,0.74,1456.1,NORMAL
2026-09-30 11:04:51.869657,35.29,0.217,0.73,1470.5,NORMAL
2026-09-30 11:04:52.869657,32.03,0.24,0.9,1404.18,NORMAL
2026-09-30 11:04:53.869657,34.24,0.216,0.74,1429.61,NORMAL
2026-09-30 11:04:54.869657,33.05,0.285,0.7,1402.06,NORMAL
2026-09-30 11:04:55.869657,32.73,0.205,0.92,1450.98,NORMAL
2026-09-30 11:04:56.869657,51.2,0.906,1.27,1284.43,FAULT
2026-09-30 11:04:57.869657,37.09,0.288,0.87,1432.33,NORMAL
2026-09-30 11:04:58.869657,38.4,0.23,0.85,1415.39,NORMAL
2026-09-30 11:04:59.869657,35.84,0.328,0.78,1396.99,NORMAL
2026-09-30 11:05:00.869657,36.88,0.26,0.96,1480.75,NORMAL
2026-09-30 11:05:01.869657,31.07,0.246,0.8,1409.68,NORMAL
2026-09-30 11:05:02.869657,43.16,0.609,1.09,1410.08,WARNING
2026-09-30 11:05:03.869657,37.07,0.272,0.95,1479.47,NORMAL
2026-09-30 11:05:04.869657,33.95,0.252,0.75,1456.7,NORMAL
2026-09-30 11:05:05.869657,35.79,0.16,0.83,1426.85,NORMAL
2026-09-30 11:05:06.869657,30.26,0.352,0.82,1426.71,NORMAL
2026-09-30 11:05:07.869657,35.85,0.305,0.77,1431.5,NORMAL
2026-09-30 11:05:08.869657,43.71,0.562,1.07,1390.5,WARNING
2026-09-30 11:05:09.869657,35.64,0.242,0.86,1465.34,NORMAL
2026-09-30 11:05:10.869657,35.97,0.304,0.73,1460.46,NORMAL
2026-09-30 11:05:11.869657,33.92,0.246,0.89,1436.31,NORMAL
2026-09-30 11:05:12.869657,33.66,0.247,0.72,1375.06,NORMAL
2026-09-30 11:05:13.869657,32.22,0.302,0.74,1451.31,NORMAL
2026-09-30 11:05:14.869657,34.3,0.139,0.91,1417.42,NORMAL
2026-09-30 11:05:15.869657,33.02,0.296,0.74,1438.76,NORMAL
2026-09-30 11:05:16.869657,51.91,1.319,1.16,1169.89,FAULT
2026-09-30 11:05:17.869657,35.62,0.171,0.78,1485.37,NORMAL
2026-09-30 11:05:18.869657,38.37,0.51,0.95,1386.12,WARNING
2026-09-30 11:05:19.869657,35.19,0.22,0.76,1479.79,NORMAL
2026-09-30 11:05:20.869657,31.9,0.283,0.9,1505.48,NORMAL
2026-09-30 11:05:21.869657,40.94,0.739,1.02,1326.88,WARNING
2026-09-30 11:05:22.869657,35.65,0.314,0.9,1466.33,NORMAL
2026-09-30 11:05:23.869657,36.28,0.272,0.87,1408.95,NORMAL
2026-09-30 11:05:24.869657,32.61,0.264,0.73,1466.6,NORMAL
2026-09-30 11:05:25.869657,36.73,0.249,0.76,1438.8,NORMAL
2026-09-30 11:05:26.869657,36.76,0.25,0.83,1421.27,NORMAL
2026-09-30 11:05:27.869657,35.94,0.206,0.92,1466.18,NORMAL
2026-09-30 11:05:28.869657,30.66,0.19,0.72,1409.42,NORMAL
2026-09-30 11:05:29.869657,43.57,0.713,0.97,1294.34,WARNING
2026-09-30 11:05:30.869657,42.14,0.474,0.83,1421.27,WARNING
2026-09-30 11:05:31.869657,49.39,1.387,1.44,1263.14,FAULT
2026-09-30 11:05:32.869657,35.99,0.354,0.89,1484.33,NORMAL
2026-09-30 11:05:33.869657,36.95,0.244,0.9,1457.64,NORMAL
2026-09-30 11:05:34.869657,44.69,0.679,1.04,1317.81,WARNING
2026-09-30 11:05:35.869657,31.56,0.153,0.89,1426.8,NORMAL
2026-09-30 11:05:36.869657,35.74,0.279,0.79,1448.28,NORMAL
2026-09-30 11:05:37.869657,35.47,0.286,0.72,1476.19,NORMAL
2026-09-30 11:05:38.869657,34.84,0.235,0.72,1460.8,NORMAL
2026-09-30 11:05:39.869657,40.5,0.662,1.08,1269.8,WARNING
2026-09-30 11:05:40.869657,46.57,0.678,1.05,1370.48,WARNING
2026-09-30 11:05:41.869657,47.85,1.414,1.42,1272.54,FAULT
2026-09-30 11:05:42.869657,33.87,0.292,0.82,1420.46,NORMAL
2026-09-30 11:05:43.869657,37.46,0.249,0.94,1436.18,NORMAL
2026-09-30 11:05:44.869657,34.08,0.196,0.75,1455.89,NORMAL
2026-09-30 11:05:45.869657,35.29,0.251,0.91,1446.75,NORMAL
2026-09-30 11:05:46.869657,35.84,0.316,0.78,1478.12,NORMAL
2026-09-30 11:05:47.869657,32.67,0.342,0.74,1429.91,NORMAL
2026-09-30 11:05:48.869657,39.19,0.355,1.13,1339.09,WARNING
2026-09-30 11:05:49.869657,34.52,0.25,0.93,1432.4,NORMAL
2026-09-30 11:05:50.869657,33.23,0.289,0.83,1487.85,NORMAL
2026-09-30 11:05:51.869657,36.28,0.184,0.78,1486.02,NORMAL
2026-09-30 11:05:52.869657,35.77,0.292,0.75,1362.57,NORMAL
2026-09-30 11:05:53.869657,32.07,0.316,0.8,1455.35,NORMAL
2026-09-30 11:05:54.869657,36.63,0.256,0.78,1491.67,NORMAL
2026-09-30 11:05:55.869657,34.53,0.382,0.79,1408.77,NORMAL
2026-09-30 11:05:56.869657,34.5,0.281,0.8,1468.7,NORMAL
2026-09-30 11:05:57.869657,32.85,0.256,0.74,1442.57,NORMAL
2026-09-30 11:05:58.869657,37.96,0.236,0.75,1435.86,NORMAL
2026-09-30 11:05:59.869657,55.24,1.27,1.36,1133.46,FAULT
2026-09-30 11:06:00.869657,35.96,0.197,0.87,1421.12,NORMAL
2026-09-30 11:06:01.869657,37.07,0.328,0.71,1426.34,NORMAL
2026-09-30 11:06:02.869657,37.94,0.215,0.72,1469.96,NORMAL
2026-09-30 11:06:03.869657,50.5,1.265,1.16,1238.63,FAULT
2026-09-30 11:06:04.869657,36.02,0.314,0.81,1435.93,NORMAL
2026-09-30 11:06:05.869657,37.57,0.219,0.77,1487.3,NORMAL
2026-09-30 11:06:06.869657,37.81,0.226,0.88,1448.84,NORMAL
2026-09-30 11:06:07.869657,35.98,0.277,0.85,1433.35,NORMAL
2026-09-30 11:06:08.869657,35.16,0.248,0.99,1485.53,NORMAL
2026-09-30 11:06:09.869657,35.08,0.236,0.82,1465.53,NORMAL
2026-09-30 11:06:10.869657,51.9,1.137,1.5,1132.09,FAULT
2026-09-30 11:06:11.869657,35.81,0.202,0.81,1446.44,NORMAL
2026-09-30 11:06:12.869657,33.42,0.252,0.69,1471.04,NORMAL
2026-09-30 11:06:13.869657,28.8,0.256,0.76,1461.46,NORMAL
2026-09-30 11:06:14.869657,33.26,0.255,0.89,1442.31,NORMAL
2026-09-30 11:06:15.869657,43.91,0.538,1.09,1356.81,WARNING
2026-09-30 11:06:16.869657,41.66,0.662,0.98,1368.77,WARNING
2026-09-30 11:06:17.869657,35.99,0.208,0.77,1457.96,NORMAL
2026-09-30 11:06:18.869657,36.29,0.251,0.61,1473.48,NORMAL
2026-09-30 11:06:19.869657,28.45,0.209,0.9,1448.99,NORMAL
2026-09-30 11:06:20.869657,31.62,0.201,1.02,1440.83,NORMAL
2026-09-30 11:06:21.869657,34.87,0.323,0.74,1440.71,NORMAL
2026-09-30 11:06:22.869657,34.77,0.263,0.79,1412.08,NORMAL
2026-09-30 11:06:23.869657,34.9,0.243,0.97,1505.0,NORMAL
2026-09-30 11:06:24.869657,36.01,0.247,0.69,1428.76,NORMAL
2026-09-30 11:06:25.869657,52.35,1.303,1.39,1187.53,FAULT
2026-09-30 11:06:26.869657,36.32,0.21,0.82,1442.57,NORMAL
2026-09-30 11:06:27.869657,45.08,1.474,1.59,1203.71,FAULT
2026-09-30 11:06:28.869657,35.17,0.29,0.87,1418.48,NORMAL
2026-09-30 11:06:29.869657,34.24,0.257,0.8,1494.69,NORMAL
2026-09-30 11:06:30.869657,34.06,0.212,0.91,1430.39,NORMAL
2026-09-30 11:06:31.869657,34.6,0.206,0.81,1467.67,NORMAL
2026-09-30 11:06:32.869657,30.64,0.224,0.76,1464.38,NORMAL
2026-09-30 11:06:33.869657,39.68,0.238,0.81,1468.5,NORMAL
2026-09-30 11:06:34.869657,42.55,0.572,0.98,1370.29,WARNING
2026-09-30 11:06:35.869657,29.85,0.235,0.76,1454.53,NORMAL
2026-09-30 11:06:36.869657,47.07,0.696,0.84,1395.35,WARNING
2026-09-30 11:06:37.869657,44.35,0.674,1.0,1293.82,WARNING
2026-09-30 11:06:38.869657,33.3,0.274,0.85,1435.77,NORMAL
2026-09-30 11:06:39.869657,35.4,0.229,0.86,1444.78,NORMAL
2026-09-30 11:06:40.869657,33.36,0.189,0.75,1446.28,NORMAL
2026-09-30 11:06:41.869657,34.49,0.202,0.9,1430.16,NORMAL
2026-09-30 11:06:42.869657,34.22,0.199,0.72,1438.8,NORMAL
2026-09-30 11:06:43.869657,33.2,0.28,0.74,1441.76,NORMAL
2026-09-30 11:06:44.869657,33.96,0.316,0.87,1454.74,NORMAL
2026-09-30 11:06:45.869657,34.16,0.193,0.83,1480.05,NORMAL
2026-09-30 11:06:46.869657,47.11,0.681,0.96,1396.04,WARNING
2026-09-30 11:06:47.869657,34.0,0.2,0.8,1442.59,NORMAL
2026-09-30 11:06:48.869657,47.18,0.553,1.06,1332.05,WARNING
2026-09-30 11:06:49.869657,35.78,0.25,0.78,1432.18,NORMAL
2026-09-30 11:06:50.869657,36.17,0.24,0.81,1428.15,NORMAL
2026-09-30 11:06:51.869657,41.44,0.658,1.13,1316.54,WARNING
2026-09-30 11:06:52.869657,35.65,0.181,0.78,1481.8,NORMAL
2026-09-30 11:06:53.869657,32.73,0.242,0.84,1446.16,NORMAL
2026-09-30 11:06:54.869657,33.69,0.238,0.72,1483.58,NORMAL
2026-09-30 11:06:55.869657,33.55,0.109,0.76,1489.26,NORMAL
2026-09-30 11:06:56.869657,32.06,0.181,0.91,1453.47,NORMAL
2026-09-30 11:06:57.869657,39.09,0.265,0.73,1421.2,NORMAL
2026-09-30 11:06:58.869657,36.13,0.332,0.78,1452.08,NORMAL
2026-09-30 11:06:59.869657,50.73,0.604,0.94,1387.99,WARNING
2026-09-30 11:07:00.869657,41.56,0.744,1.02,1349.81,WARNING
2026-09-30 11:07:01.869657,50.43,1.503,1.41,1230.37,FAULT
2026-09-30 11:07:02.869657,35.02,0.238,0.81,1434.65,NORMAL
2026-09-30 11:07:03.869657,35.09,0.275,0.85,1448.12,NORMAL
2026-09-30 11:07:04.869657,34.88,0.213,0.79,1402.02,NORMAL
2026-09-30 11:07:05.869657,31.35,0.302,0.8,1412.14,NORMAL
2026-09-30 11:07:06.869657,32.53,0.313,0.86,1466.15,NORMAL
2026-09-30 11:07:07.869657,35.46,0.295,0.76,1450.9,NORMAL
2026-09-30 11:07:08.869657,39.37,0.216,0.93,1461.5,NORMAL
2026-09-30 11:07:09.869657,33.32,0.257,0.92,1434.39,NORMAL
2026-09-30 11:07:10.869657,30.85,0.249,0.89,1444.4,NORMAL
2026-09-30 11:07:11.869657,34.56,0.264,0.77,1472.22,NORMAL
2026-09-30 11:07:12.869657,36.42,0.251,0.79,1437.28,NORMAL
2026-09-30 11:07:13.869657,32.46,0.228,0.65,1412.5,NORMAL
2026-09-30 11:07:14.869657,47.69,1.192,1.26,1166.54,FAULT
2026-09-30 11:07:15.869657,33.46,0.294,0.93,1469.54,NORMAL
2026-09-30 11:07:16.869657,35.08,0.302,0.83,1494.34,NORMAL
2026-09-30 11:07:17.869657,31.53,0.261,0.81,1437.28,NORMAL
2026-09-30 11:07:18.869657,34.97,0.275,0.81,1428.59,NORMAL
2026-09-30 11:07:19.869657,36.25,0.236,0.84,1413.72,NORMAL
2026-09-30 11:07:20.869657,34.77,0.233,0.87,1416.35,NORMAL
2026-09-30 11:07:21.869657,55.95,1.28,1.47,1156.26,FAULT
2026-09-30 11:07:22.869657,35.5,0.254,0.83,1456.05,NORMAL
2026-09-30 11:07:23.869657,35.15,0.199,0.82,1420.14,NORMAL
2026-09-30 11:07:24.869657,34.92,0.18,0.79,1465.58,NORMAL
2026-09-30 11:07:25.869657,36.5,0.327,0.74,1400.3,NORMAL
2026-09-30 11:07:26.869657,34.48,0.247,0.86,1429.49,NORMAL
2026-09-30 11:07:27.869657,34.9,0.209,0.85,1470.01,NORMAL
2026-09-30 11:07:28.869657,35.87,0.292,0.83,1463.61,NORMAL
2026-09-30 11:07:29.869657,36.17,0.227,0.76,1433.26,NORMAL
2026-09-30 11:07:30.869657,33.85,0.277,0.88,1437.78,NORMAL
2026-09-30 11:07:31.869657,36.6,0.191,0.79,1479.7,NORMAL
2026-09-30 11:07:32.869657,36.04,0.224,0.73,1449.67,NORMAL
2026-09-30 11:07:33.869657,32.66,0.25,0.65,1429.77,NORMAL
2026-09-30 11:07:34.869657,34.82,0.251,0.86,1479.21,NORMAL
2026-09-30 11:07:35.869657,33.02,0.222,0.71,1457.68,NORMAL
2026-09-30 11:07:36.869657,36.1,0.34,0.7,1394.41,NORMAL
2026-09-30 11:07:37.869657,35.92,0.261,0.74,1408.17,NORMAL
2026-09-30 11:07:38.869657,34.26,0.261,0.73,1501.94,NORMAL
2026-09-30 11:07:39.869657,34.54,0.322,0.73,1404.33,NORMAL
2026-09-30 11:07:40.869657,33.31,0.296,0.77,1434.7,NORMAL
2026-09-30 11:07:41.869657,37.0,0.372,0.66,1486.89,NORMAL
2026-09-30 11:07:42.869657,32.95,0.253,0.81,1417.64,NORMAL
2026-09-30 11:07:43.869657,47.54,1.267,1.22,1268.64,FAULT
2026-09-30 11:07:44.869657,38.57,0.251,0.78,1422.14,NORMAL
2026-09-30 11:07:45.869657,37.64,0.258,0.84,1435.8,NORMAL
2026-09-30 11:07:46.869657,38.62,0.275,0.72,1442.29,NORMAL
2026-09-30 11:07:47.869657,39.42,0.27,0.85,1441.92,NORMAL
2026-09-30 11:07:48.869657,34.8,0.208,0.86,1469.63,NORMAL
2026-09-30 11:07:49.869657,34.4,0.276,0.87,1444.1,NORMAL
2026-09-30 11:07:50.869657,36.64,0.271,0.72,1433.84,NORMAL
2026-09-30 11:07:51.869657,31.95,0.225,0.73,1437.97,NORMAL
2026-09-30 11:07:52.869657,31.75,0.351,0.9,1426.63,NORMAL
2026-09-30 11:07:53.869657,39.54,0.751,0.9,1407.55,WARNING
2026-09-30 11:07:54.869657,32.33,0.286,0.9,1527.64,NORMAL
2026-09-30 11:07:55.869657,49.76,1.042,1.51,1256.3,FAULT
2026-09-30 11:07:56.869657,33.72,0.283,0.88,1467.99,NORMAL
2026-09-30 11:07:57.869657,36.65,0.311,0.89,1434.27,NORMAL
2026-09-30 11:07:58.869657,38.15,0.273,0.68,1422.45,NORMAL
2026-09-30 11:07:59.869657,39.03,0.278,0.86,1420.59,NORMAL
2026-09-30 11:08:00.869657,34.49,0.304,0.79,1424.45,NORMAL
2026-09-30 11:08:01.869657,50.32,0.866,1.74,1135.83,FAULT
2026-09-30 11:08:02.869657,39.36,0.722,0.89,1392.4,WARNING
2026-09-30 11:08:03.869657,35.35,0.202,0.79,1483.95,NORMAL
2026-09-30 11:08:04.869657,33.96,0.261,0.84,1397.59,NORMAL
2026-09-30 11:08:05.869657,42.44,0.526,0.98,1280.14,WARNING
2026-09-30 11:08:06.869657,34.31,0.289,0.72,1462.83,NORMAL
2026-09-30 11:08:07.869657,50.55,1.094,1.42,1251.86,FAULT
2026-09-30 11:08:08.869657,36.23,0.269,0.81,1484.87,NORMAL
2026-09-30 11:08:09.869657,33.34,0.17,0.77,1391.25,NORMAL
2026-09-30 11:08:10.869657,46.01,0.987,1.39,1207.19,FAULT
2026-09-30 11:08:11.869657,36.29,0.29,0.65,1425.56,NORMAL
2026-09-30 11:08:12.869657,32.81,0.247,0.83,1472.19,NORMAL
2026-09-30 11:08:13.869657,35.89,0.251,0.76,1466.16,NORMAL
2026-09-30 11:08:14.869657,33.18,0.334,0.87,1450.7,NORMAL
2026-09-30 11:08:15.869657,34.2,0.198,0.71,1461.31,NORMAL
2026-09-30 11:08:16.869657,32.34,0.141,0.74,1454.85,NORMAL
2026-09-30 11:08:17.869657,37.18,0.176,0.84,1442.48,NORMAL
2026-09-30 11:08:18.869657,31.21,0.266,0.7,1438.08,NORMAL
2026-09-30 11:08:19.869657,35.01,0.28,0.82,1428.31,NORMAL
2026-09-30 11:08:20.869657,34.59,0.306,0.76,1434.29,NORMAL
2026-09-30 11:08:21.869657,36.76,0.211,0.75,1418.62,NORMAL
2026-09-30 11:08:22.869657,33.86,0.191,0.8,1414.29,NORMAL
2026-09-30 11:08:23.869657,38.89,0.523,0.84,1382.12,WARNING
2026-09-30 11:08:24.869657,36.38,0.219,0.8,1485.52,NORMAL
2026-09-30 11:08:25.869657,33.6,0.202,0.77,1416.21,NORMAL
2026-09-30 11:08:26.869657,32.3,0.338,0.83,1407.79,NORMAL
2026-09-30 11:08:27.869657,34.8,0.226,0.91,1480.23,NORMAL
2026-09-30 11:08:28.869657,33.74,0.236,0.72,1443.9,NORMAL
2026-09-30 11:08:29.869657,31.04,0.237,0.8,1497.62,NORMAL
2026-09-30 11:08:30.869657,35.59,0.262,0.77,1453.74,NORMAL
2026-09-30 11:08:31.869657,51.46,1.154,1.41,1290.15,FAULT
2026-09-30 11:08:32.869657,34.04,0.305,0.96,1463.52,NORMAL
2026-09-30 11:08:33.869657,35.08,0.28,0.84,1446.49,NORMAL
2026-09-30 11:08:34.869657,33.58,0.231,0.77,1480.65,NORMAL
2026-09-30 11:08:35.869657,32.18,0.243,0.75,1454.35,NORMAL
2026-09-30 11:08:36.869657,30.61,0.33,0.86,1466.0,NORMAL
2026-09-30 11:08:37.869657,36.47,0.253,0.82,1458.67,NORMAL
2026-09-30 11:08:38.869657,32.9,0.123,0.78,1445.75,NORMAL
2026-09-30 11:08:39.869657,38.6,0.293,0.78,1470.16,NORMAL
2026-09-30 11:08:40.869657,36.01,0.281,0.7,1404.91,NORMAL
2026-09-30 11:08:41.869657,40.69,0.671,0.9,1418.02,WARNING
2026-09-30 11:08:42.869657,37.58,0.213,0.91,1456.31,NORMAL
2026-09-30 11:08:43.869657,35.92,0.315,0.75,1449.75,NORMAL
2026-09-30 11:08:44.869657,32.89,0.232,0.7,1478.57,NORMAL
2026-09-30 11:08:45.869657,32.33,0.357,0.76,1471.89,NORMAL
2026-09-30 11:08:46.869657,39.07,0.273,0.76,1489.84,NORMAL
2026-09-30 11:08:47.869657,37.9,0.213,0.88,1448.92,NORMAL
2026-09-30 11:08:48.869657,34.94,0.289,0.72,1449.21,NORMAL
2026-09-30 11:08:49.869657,35.8,0.237,0.96,1456.92,NORMAL
2026-09-30 11:08:50.869657,40.64,0.51,0.99,1321.69,WARNING
2026-09-30 11:08:51.869657,35.01,0.21,0.82,1411.77,NORMAL
2026-09-30 11:08:52.869657,38.29,0.27,0.89,1428.28,NORMAL
2026-09-30 11:08:53.869657,50.29,1.392,1.35,1309.38,FAULT
2026-09-30 11:08:54.869657,49.26,1.338,1.48,1252.45,FAULT
2026-09-30 11:08:55.869657,35.97,0.234,0.93,1431.45,NORMAL
2026-09-30 11:08:56.869657,32.46,0.231,0.87,1451.13,NORMAL
2026-09-30 11:08:57.869657,42.57,0.693,1.05,1356.34,WARNING
2026-09-30 11:08:58.869657,34.66,0.234,0.83,1445.38,NORMAL
2026-09-30 11:08:59.869657,38.99,0.227,0.8,1412.5,NORMAL
2026-09-30 11:09:00.869657,35.66,0.298,0.74,1461.0,NORMAL
2026-09-30 11:09:01.869657,35.7,0.226,0.82,1446.67,NORMAL
2026-09-30 11:09:02.869657,33.43,0.285,0.97,1419.76,NORMAL
2026-09-30 11:09:03.869657,34.36,0.277,0.81,1489.56,NORMAL
2026-09-30 11:09:04.869657,36.52,0.163,0.75,1497.05,NORMAL
2026-09-30 11:09:05.869657,37.14,0.301,0.67,1441.13,NORMAL
2026-09-30 11:09:06.869657,51.78,1.443,1.62,1248.28,FAULT
2026-09-30 11:09:07.869657,31.83,0.25,0.91,1436.58,NORMAL
2026-09-30 11:09:08.869657,31.54,0.317,1.0,1451.38,NORMAL
2026-09-30 11:09:09.869657,37.57,0.073,0.84,1436.0,NORMAL
2026-09-30 11:09:10.869657,35.72,0.225,0.72,1439.75,NORMAL
2026-09-30 11:09:11.869657,33.85,0.213,0.66,1408.85,NORMAL
2026-09-30 11:09:12.869657,40.13,0.611,1.05,1253.84,WARNING
2026-09-30 11:09:13.869657,33.91,0.231,0.85,1440.55,NORMAL
2026-09-30 11:09:14.869657,50.23,1.084,1.39,1201.51,FAULT
2026-09-30 11:09:15.869657,35.75,0.293,0.9,1442.07,NORMAL
2026-09-30 11:09:16.869657,44.05,0.654,1.15,1385.41,WARNING
2026-09-30 11:09:17.869657,51.63,1.149,1.25,1273.63,FAULT
2026-09-30 11:09:18.869657,34.1,0.189,0.62,1443.08,NORMAL
2026-09-30 11:09:19.869657,35.2,0.267,0.8,1438.52,NORMAL
2026-09-30 11:09:20.869657,33.85,0.236,0.85,1492.36,NORMAL
2026-09-30 11:09:21.869657,32.51,0.276,1.05,1458.41,NORMAL
2026-09-30 11:09:22.869657,44.1,0.508,1.0,1334.3,WARNING
2026-09-30 11:09:23.869657,33.19,0.267,0.67,1434.63,NORMAL
2026-09-30 11:09:24.869657,33.96,0.293,0.8,1465.5,NORMAL
2026-09-30 11:09:25.869657,33.83,0.241,0.74,1509.23,NORMAL
2026-09-30 11:09:26.869657,47.35,0.898,1.65,1266.7,FAULT
2026-09-30 11:09:27.869657,32.18,0.268,0.63,1458.21,NORMAL
2026-09-30 11:09:28.869657,35.91,0.355,0.79,1467.73,NORMAL
2026-09-30 11:09:29.869657,40.63,0.13,0.77,1399.04,NORMAL
2026-09-30 11:09:30.869657,35.59,0.257,0.78,1446.81,NORMAL
2026-09-30 11:09:31.869657,32.49,0.258,0.83,1470.86,NORMAL
2026-09-30 11:09:32.869657,37.35,0.257,0.62,1439.17,NORMAL
2026-09-30 11:09:33.869657,32.42,0.266,0.82,1470.18,NORMAL
2026-09-30 11:09:34.869657,35.44,0.208,0.61,1470.52,NORMAL
2026-09-30 11:09:35.869657,34.72,0.208,0.95,1467.95,NORMAL
2026-09-30 11:09:36.869657,33.81,0.166,0.79,1451.03,NORMAL
2026-09-30 11:09:37.869657,31.47,0.265,0.83,1469.98,NORMAL
2026-09-30 11:09:38.869657,35.37,0.229,0.65,1493.33,NORMAL
2026-09-30 11:09:39.869657,36.32,0.195,0.68,1505.98,NORMAL
2026-09-30 11:09:40.869657,36.44,0.223,1.03,1420.17,NORMAL
2026-09-30 11:09:41.869657,33.22,0.281,0.73,1497.17,NORMAL
2026-09-30 11:09:42.869657,30.55,0.224,0.78,1431.06,NORMAL
2026-09-30 11:09:43.869657,32.52,0.298,0.69,1444.63,NORMAL
2026-09-30 11:09:44.869657,33.69,0.215,0.75,1438.4,NORMAL
2026-09-30 11:09:45.869657,32.28,0.311,0.84,1503.03,NORMAL
2026-09-30 11:09:46.869657,33.37,0.266,0.61,1491.77,NORMAL
2026-09-30 11:09:47.869657,36.96,0.264,0.69,1435.53,NORMAL
2026-09-30 11:09:48.869657,30.47,0.232,0.78,1471.46,NORMAL
2026-09-30 11:09:49.869657,37.2,0.231,0.9,1497.16,NORMAL
2026-09-30 11:09:50.869657,35.08,0.305,0.79,1374.33,NORMAL
2026-09-30 11:09:51.869657,31.02,0.216,0.79,1417.06,NORMAL
2026-09-30 11:09:52.869657,38.34,0.205,0.84,1447.4,NORMAL
2026-09-30 11:09:53.869657,34.76,0.255,0.67,1418.8,NORMAL
2026-09-30 11:09:54.869657,41.07,0.562,1.19,1363.34,WARNING
2026-09-30 11:09:55.869657,36.99,0.169,0.82,1423.08,NORMAL
2026-09-30 11:09:56.869657,33.07,0.21,0.81,1380.58,NORMAL
2026-09-30 11:09:57.869657,33.32,0.316,0.91,1503.75,NORMAL
2026-09-30 11:09:58.869657,32.36,0.289,0.8,1403.67,NORMAL
2026-09-30 11:09:59.869657,36.94,0.284,0.71,1398.48,NORMAL
2026-09-30 11:10:00.869657,35.27,0.251,0.74,1474.29,NORMAL
2026-09-30 11:10:01.869657,35.51,0.256,0.94,1420.74,NORMAL
2026-09-30 11:10:02.869657,33.37,0.355,0.8,1408.73,NORMAL
2026-09-30 11:10:03.869657,36.21,0.29,0.74,1459.78,NORMAL
2026-09-30 11:10:04.869657,45.43,0.453,0.99,1277.31,WARNING
2026-09-30 11:10:05.869657,35.91,0.262,0.88,1486.37,NORMAL
2026-09-30 11:10:06.869657,38.98,0.27,0.93,1432.93,NORMAL
2026-09-30 11:10:07.869657,43.48,0.759,1.04,1296.28,WARNING
2026-09-30 11:10:08.869657,35.94,0.191,0.71,1431.07,NORMAL
2026-09-30 11:10:09.869657,32.13,0.221,0.65,1433.55,NORMAL
2026-09-30 11:10:10.869657,43.03,0.626,1.05,1343.86,WARNING
2026-09-30 11:10:11.869657,36.81,0.243,0.79,1499.77,NORMAL
2026-09-30 11:10:12.869657,44.6,1.126,1.42,1189.06,FAULT
2026-09-30 11:10:13.869657,33.55,0.224,0.81,1508.89,NORMAL
2026-09-30 11:10:14.869657,36.73,0.165,0.87,1474.52,NORMAL
2026-09-30 11:10:15.869657,34.44,0.353,0.77,1453.28,NORMAL
2026-09-30 11:10:16.869657,35.0,0.327,0.69,1424.17,NORMAL
2026-09-30 11:10:17.869657,36.5,0.27,0.89,1429.24,NORMAL
2026-09-30 11:10:18.869657,35.15,0.301,1.01,1467.94,NORMAL
2026-09-30 11:10:19.869657,39.64,0.28,0.73,1448.82,NORMAL
2026-09-30 11:10:20.869657,52.14,1.059,1.51,1144.68,FAULT
2026-09-30 11:10:21.869657,33.33,0.337,0.71,1489.07,NORMAL
2026-09-30 11:10:22.869657,32.33,0.317,0.92,1459.61,NORMAL
2026-09-30 11:10:23.869657,32.41,0.217,0.74,1447.17,NORMAL
2026-09-30 11:10:24.869657,53.01,1.39,1.32,1288.39,FAULT
2026-09-30 11:10:25.869657,40.41,0.687,1.05,1412.86,WARNING
2026-09-30 11:10:26.869657,33.82,0.262,0.71,1460.5,NORMAL
2026-09-30 11:10:27.869657,34.31,0.156,0.71,1460.65,NORMAL
2026-09-30 11:10:28.869657,43.63,0.461,1.09,1347.61,WARNING
2026-09-30 11:10:29.869657,35.92,0.188,0.78,1426.83,NORMAL
2026-09-30 11:10:30.869657,45.66,0.676,0.98,1331.45,WARNING
2026-09-30 11:10:31.869657,32.66,0.188,0.8,1450.65,NORMAL
2026-09-30 11:10:32.869657,34.03,0.248,0.8,1470.5,NORMAL
2026-09-30 11:10:33.869657,37.66,0.36,0.77,1407.01,NORMAL
2026-09-30 11:10:34.869657,33.45,0.206,0.86,1463.45,NORMAL
2026-09-30 11:10:35.869657,32.04,0.231,0.67,1453.25,NORMAL
2026-09-30 11:10:36.869657,35.29,0.294,0.7,1404.02,NORMAL
2026-09-30 11:10:37.869657,46.28,1.184,1.34,1110.85,FAULT
2026-09-30 11:10:38.869657,34.69,0.189,0.93,1476.3,NORMAL
2026-09-30 11:10:39.869657,35.39,0.303,0.74,1446.95,NORMAL
2026-09-30 11:10:40.869657,39.92,0.599,1.04,1359.33,WARNING
2026-09-30 11:10:41.869657,34.92,0.155,0.66,1402.5,NORMAL
2026-09-30 11:10:42.869657,34.4,0.232,0.76,1417.09,NORMAL
2026-09-30 11:10:43.869657,35.18,0.299,0.96,1467.48,NORMAL
2026-09-30 11:10:44.869657,34.2,0.256,0.79,1430.21,NORMAL
2026-09-30 11:10:45.869657,33.99,0.278,0.67,1422.19,NORMAL
2026-09-30 11:10:46.869657,35.02,0.19,0.78,1491.1,NORMAL
2026-09-30 11:10:47.869657,35.93,0.29,0.66,1447.99,NORMAL
2026-09-30 11:10:48.869657,52.07,0.948,1.58,1221.83,FAULT
2026-09-30 11:10:49.869657,47.11,0.996,1.55,1210.75,FAULT
2026-09-30 11:10:50.869657,39.04,0.685,1.06,1342.53,WARNING
2026-09-30 11:10:51.869657,35.74,0.275,0.83,1437.86,NORMAL
2026-09-30 11:10:52.869657,31.61,0.3,0.75,1439.27,NORMAL
2026-09-30 11:10:53.869657,31.39,0.305,0.62,1437.93,NORMAL
2026-09-30 11:10:54.869657,32.99,0.233,0.91,1473.2,NORMAL
2026-09-30 11:10:55.869657,35.3,0.218,0.96,1460.75,NORMAL
2026-09-30 11:10:56.869657,34.28,0.287,0.79,1417.54,NORMAL
2026-09-30 11:10:57.869657,34.84,0.227,0.72,1462.63,NORMAL
2026-09-30 11:10:58.869657,32.58,0.253,0.81,1455.58,NORMAL
2026-09-30 11:10:59.869657,33.16,0.282,0.85,1419.37,NORMAL
2026-09-30 11:11:00.869657,37.9,0.234,0.78,1494.0,NORMAL
2026-09-30 11:11:01.869657,35.9,0.299,0.74,1422.82,NORMAL
2026-09-30 11:11:02.869657,34.31,0.221,0.78,1406.77,NORMAL
2026-09-30 11:11:03.869657,35.61,0.222,0.75,1458.57,NORMAL
2026-09-30 11:11:04.869657,31.11,0.299,0.74,1475.71,NORMAL
2026-09-30 11:11:05.869657,39.15,0.211,0.86,1417.38,NORMAL
2026-09-30 11:11:06.869657,39.65,0.224,0.88,1446.82,NORMAL
2026-09-30 11:11:07.869657,35.81,0.273,0.69,1435.81,NORMAL
2026-09-30 11:11:08.869657,33.97,0.281,0.91,1453.33,NORMAL
2026-09-30 11:11:09.869657,45.15,1.399,1.35,1146.96,FAULT
2026-09-30 11:11:10.869657,33.15,0.244,0.79,1445.05,NORMAL
2026-09-30 11:11:11.869657,36.95,0.281,0.67,1418.97,NORMAL
2026-09-30 11:11:12.869657,40.56,0.198,0.69,1472.03,NORMAL
2026-09-30 11:11:13.869657,34.97,0.233,0.75,1391.08,NORMAL
2026-09-30 11:11:14.869657,31.04,0.175,0.87,1483.74,NORMAL
2026-09-30 11:11:15.869657,36.25,0.179,0.66,1485.48,NORMAL
2026-09-30 11:11:16.869657,33.36,0.229,0.78,1444.36,NORMAL
2026-09-30 11:11:17.869657,35.79,0.257,0.97,1408.44,NORMAL
2026-09-30 11:11:18.869657,36.81,0.254,0.96,1406.85,NORMAL
2026-09-30 11:11:19.869657,32.47,0.272,0.94,1448.91,NORMAL
2026-09-30 11:11:20.869657,31.12,0.25,0.67,1430.06,NORMAL
2026-09-30 11:11:21.869657,33.66,0.224,0.65,1457.81,NORMAL
2026-09-30 11:11:22.869657,35.66,0.209,0.77,1465.13,NORMAL
2026-09-30 11:11:23.869657,49.68,1.432,1.53,1225.84,FAULT
2026-09-30 11:11:24.869657,35.73,0.216,0.7,1494.28,NORMAL
2026-09-30 11:11:25.869657,34.53,0.277,0.82,1400.53,NORMAL
2026-09-30 11:11:26.869657,33.9,0.275,0.73,1495.03,NORMAL
2026-09-30 11:11:27.869657,34.57,0.199,0.61,1439.25,NORMAL
2026-09-30 11:11:28.869657,35.27,0.234,0.69,1441.57,NORMAL
2026-09-30 11:11:29.869657,34.87,0.321,0.88,1408.11,NORMAL
2026-09-30 11:11:30.869657,36.57,0.205,0.74,1436.16,NORMAL
2026-09-30 11:11:31.869657,35.07,0.287,0.87,1440.2,NORMAL
2026-09-30 11:11:32.869657,32.8,0.219,0.68,1419.87,NORMAL
2026-09-30 11:11:33.869657,36.23,0.166,0.85,1445.82,NORMAL
2026-09-30 11:11:34.869657,41.15,0.495,0.94,1347.56,WARNING
2026-09-30 11:11:35.869657,40.72,0.265,0.71,1418.96,NORMAL
2026-09-30 11:11:36.869657,34.51,0.265,0.86,1389.17,NORMAL
2026-09-30 11:11:37.869657,35.48,0.2,0.69,1453.64,NORMAL
2026-09-30 11:11:38.869657,35.8,0.316,0.81,1422.8,NORMAL
2026-09-30 11:11:39.869657,36.08,0.311,0.84,1426.57,NORMAL
2026-09-30 11:11:40.869657,34.87,0.232,0.9,1413.7,NORMAL
2026-09-30 11:11:41.869657,36.6,0.259,0.7,1503.6,NORMAL
2026-09-30 11:11:42.869657,37.54,0.275,0.7,1492.74,NORMAL
2026-09-30 11:11:43.869657,32.92,0.315,0.85,1526.21,NORMAL
2026-09-30 11:11:44.869657,29.59,0.267,0.77,1447.75,NORMAL
2026-09-30 11:11:45.869657,47.54,1.069,1.57,1231.03,FAULT
2026-09-30 11:11:46.869657,54.44,1.346,1.43,1231.36,FAULT
2026-09-30 11:11:47.869657,33.94,0.225,0.73,1396.05,NORMAL
2026-09-30 11:11:48.869657,31.5,0.241,0.81,1438.92,NORMAL
2026-09-30 11:11:49.869657,36.48,0.23,0.85,1462.75,NORMAL
2026-09-30 11:11:50.869657,54.05,0.888,1.54,1128.28,FAULT
2026-09-30 11:11:51.869657,38.33,0.238,0.9,1464.4,NORMAL
2026-09-30 11:11:52.869657,34.61,0.324,0.8,1471.22,NORMAL
2026-09-30 11:11:53.869657,36.16,0.276,0.7,1456.61,NORMAL
2026-09-30 11:11:54.869657,45.19,0.511,1.02,1429.51,WARNING
2026-09-30 11:11:55.869657,35.75,0.23,0.77,1434.9,NORMAL
2026-09-30 11:11:56.869657,38.19,0.255,0.91,1442.2,NORMAL
2026-09-30 11:11:57.869657,30.93,0.188,0.84,1496.52,NORMAL
2026-09-30 11:11:58.869657,33.99,0.22,0.66,1502.23,NORMAL
2026-09-30 11:11:59.869657,35.98,0.2,0.76,1469.56,NORMAL
2026-09-30 11:12:00.869657,33.38,0.259,0.74,1456.1,NORMAL
2026-09-30 11:12:01.869657,36.84,0.284,0.86,1499.36,NORMAL
2026-09-30 11:12:02.869657,36.53,0.25,0.89,1520.96,NORMAL
2026-09-30 11:12:03.869657,35.12,0.169,0.73,1386.12,NORMAL
2026-09-30 11:12:04.869657,33.69,0.148,0.83,1493.66,NORMAL
2026-09-30 11:12:05.869657,46.77,0.979,1.18,1129.71,FAULT
2026-09-30 11:12:06.869657,52.1,1.407,1.33,1193.12,FAULT
2026-09-30 11:12:07.869657,35.07,0.244,0.67,1432.26,NORMAL
2026-09-30 11:12:08.869657,33.04,0.34,0.84,1421.9,NORMAL
2026-09-30 11:12:09.869657,36.32,0.304,0.83,1429.45,NORMAL
2026-09-30 11:12:10.869657,32.46,0.327,0.79,1458.97,NORMAL
2026-09-30 11:12:11.869657,34.45,0.274,0.77,1402.34,NORMAL
2026-09-30 11:12:12.869657,33.56,0.204,0.7,1443.55,NORMAL
2026-09-30 11:12:13.869657,34.0,0.262,0.91,1488.54,NORMAL
2026-09-30 11:12:14.869657,36.87,0.289,0.8,1423.08,NORMAL
2026-09-30 11:12:15.869657,35.95,0.226,0.79,1416.65,NORMAL
2026-09-30 11:12:16.869657,35.03,0.257,0.76,1422.24,NORMAL
2026-09-30 11:12:17.869657,32.78,0.202,0.86,1455.37,NORMAL
2026-09-30 11:12:18.869657,36.04,0.196,0.88,1483.82,NORMAL
2026-09-30 11:12:19.869657,34.84,0.29,0.79,1485.57,NORMAL
2026-09-30 11:12:20.869657,34.5,0.192,0.77,1450.97,NORMAL
2026-09-30 11:12:21.869657,51.94,1.376,1.47,1258.65,FAULT
2026-09-30 11:12:22.869657,37.1,0.246,0.94,1475.8,NORMAL
2026-09-30 11:12:23.869657,32.87,0.333,0.91,1451.91,NORMAL
2026-09-30 11:12:24.869657,33.38,0.239,0.72,1503.52,NORMAL
2026-09-30 11:12:25.869657,34.06,0.26,0.91,1464.53,NORMAL
2026-09-30 11:12:26.869657,36.62,0.267,1.03,1419.16,NORMAL
2026-09-30 11:12:27.869657,34.76,0.296,0.74,1404.8,NORMAL
2026-09-30 11:12:28.869657,33.0,0.204,0.72,1465.55,NORMAL
2026-09-30 11:12:29.869657,34.82,0.241,0.83,1458.63,NORMAL
2026-09-30 11:12:30.869657,31.12,0.131,0.83,1464.76,NORMAL
2026-09-30 11:12:31.869657,36.82,0.272,0.8,1449.65,NORMAL
2026-09-30 11:12:32.869657,35.59,0.333,0.63,1462.41,NORMAL
2026-09-30 11:12:33.869657,39.81,0.663,1.09,1387.79,WARNING
2026-09-30 11:12:34.869657,36.74,0.266,0.87,1445.08,NORMAL
2026-09-30 11:12:35.869657,34.5,0.232,0.8,1409.92,NORMAL
2026-09-30 11:12:36.869657,35.12,0.237,0.85,1437.36,NORMAL
2026-09-30 11:12:37.869657,37.24,0.31,0.67,1429.07,NORMAL
2026-09-30 11:12:38.869657,34.6,0.32,0.92,1497.17,NORMAL
2026-09-30 11:12:39.869657,31.72,0.223,0.82,1398.87,NORMAL
2026-09-30 11:12:40.869657,39.75,0.512,0.94,1383.71,WARNING
2026-09-30 11:12:41.869657,38.38,0.134,0.76,1437.88,NORMAL
2026-09-30 11:12:42.869657,31.07,0.176,0.8,1433.69,NORMAL
2026-09-30 11:12:43.869657,38.53,0.275,0.76,1428.38,NORMAL
2026-09-30 11:12:44.869657,40.27,0.61,0.91,1386.0,WARNING
2026-09-30 11:12:45.869657,34.03,0.273,0.67,1481.81,NORMAL
2026-09-30 11:12:46.869657,33.84,0.237,0.75,1433.05,NORMAL
2026-09-30 11:12:47.869657,32.5,0.292,0.8,1440.77,NORMAL
2026-09-30 11:12:48.869657,35.18,0.274,1.0,1420.19,NORMAL
2026-09-30 11:12:49.869657,33.97,0.298,0.74,1423.85,NORMAL
2026-09-30 11:12:50.869657,35.04,0.335,0.81,1441.22,NORMAL
2026-09-30 11:12:51.869657,36.95,0.188,0.88,1444.63,NORMAL
2026-09-30 11:12:52.869657,38.87,0.263,0.8,1480.92,NORMAL
2026-09-30 11:12:53.869657,33.43,0.286,0.88,1440.94,NORMAL
2026-09-30 11:12:54.869657,40.76,0.503,0.88,1334.45,WARNING
2026-09-30 11:12:55.869657,34.91,0.261,0.94,1496.36,NORMAL
2026-09-30 11:12:56.869657,38.36,0.482,1.0,1444.9,WARNING
2026-09-30 11:12:57.869657,33.75,0.212,0.77,1466.24,NORMAL
2026-09-30 11:12:58.869657,43.74,0.614,1.0,1361.79,WARNING
2026-09-30 11:12:59.869657,33.94,0.214,0.83,1400.46,NORMAL
2026-09-30 11:13:00.869657,33.63,0.308,0.89,1411.42,NORMAL
2026-09-30 11:13:01.869657,34.01,0.083,0.77,1456.92,NORMAL
2026-09-30 11:13:02.869657,42.91,0.452,0.83,1283.99,WARNING
2026-09-30 11:13:03.869657,34.73,0.165,0.78,1484.51,NORMAL
2026-09-30 11:13:04.869657,34.14,0.185,0.77,1478.94,NORMAL
2026-09-30 11:13:05.869657,36.36,0.332,0.88,1393.98,NORMAL
2026-09-30 11:13:06.869657,34.26,0.285,0.69,1485.14,NORMAL
2026-09-30 11:13:07.869657,33.35,0.187,0.93,1430.58,NORMAL
2026-09-30 11:13:08.869657,40.33,0.255,0.89,1456.96,NORMAL
2026-09-30 11:13:09.869657,54.66,1.138,1.15,1254.85,FAULT
2026-09-30 11:13:10.869657,32.87,0.247,0.95,1484.92,NORMAL
2026-09-30 11:13:11.869657,35.6,0.263,0.74,1501.28,NORMAL
2026-09-30 11:13:12.869657,32.37,0.315,0.78,1429.85,NORMAL
2026-09-30 11:13:13.869657,35.82,0.181,0.76,1448.16,NORMAL
2026-09-30 11:13:14.869657,36.18,0.298,0.88,1482.21,NORMAL
2026-09-30 11:13:15.869657,40.37,0.599,0.89,1305.56,WARNING
2026-09-30 11:13:16.869657,36.43,0.238,0.86,1473.31,NORMAL
2026-09-30 11:13:17.869657,37.92,0.317,0.87,1512.56,NORMAL
2026-09-30 11:13:18.869657,51.57,1.195,1.51,1245.58,FAULT
2026-09-30 11:13:19.869657,36.96,0.378,0.81,1437.08,NORMAL
2026-09-30 11:13:20.869657,45.5,0.512,0.85,1392.54,WARNING
2026-09-30 11:13:21.869657,37.09,0.33,0.74,1457.29,NORMAL
2026-09-30 11:13:22.869657,31.86,0.203,0.62,1426.52,NORMAL
2026-09-30 11:13:23.869657,34.6,0.272,0.83,1463.68,NORMAL
2026-09-30 11:13:24.869657,51.57,0.977,1.39,1186.61,FAULT
2026-09-30 11:13:25.869657,35.66,0.303,0.76,1470.21,NORMAL
2026-09-30 11:13:26.869657,34.46,0.249,0.96,1470.61,NORMAL
2026-09-30 11:13:27.869657,50.27,1.263,1.21,1211.91,FAULT
2026-09-30 11:13:28.869657,32.26,0.309,0.86,1487.64,NORMAL
2026-09-30 11:13:29.869657,34.48,0.251,0.73,1494.43,NORMAL
2026-09-30 11:13:30.869657,35.69,0.312,0.74,1430.44,NORMAL
2026-09-30 11:13:31.869657,31.25,0.239,0.7,1451.69,NORMAL
2026-09-30 11:13:32.869657,35.11,0.293,0.76,1500.31,NORMAL
2026-09-30 11:13:33.869657,32.44,0.199,0.79,1531.69,NORMAL
2026-09-30 11:13:34.869657,42.12,0.391,1.01,1368.92,WARNING
2026-09-30 11:13:35.869657,34.91,0.304,0.81,1392.05,NORMAL
2026-09-30 11:13:36.869657,33.04,0.258,0.91,1421.54,NORMAL
2026-09-30 11:13:37.869657,34.66,0.312,0.75,1459.53,NORMAL
2026-09-30 11:13:38.869657,33.32,0.284,0.77,1424.76,NORMAL
2026-09-30 11:13:39.869657,34.4,0.167,0.79,1438.49,NORMAL
2026-09-30 11:13:40.869657,48.2,1.227,1.6,1210.43,FAULT
2026-09-30 11:13:41.869657,33.57,0.215,0.83,1465.82,NORMAL
2026-09-30 11:13:42.869657,39.88,1.402,1.5,1186.14,FAULT
2026-09-30 11:13:43.869657,30.41,0.265,0.87,1471.05,NORMAL
2026-09-30 11:13:44.869657,33.25,0.283,0.77,1387.86,NORMAL
2026-09-30 11:13:45.869657,33.44,0.308,0.78,1419.09,NORMAL
2026-09-30 11:13:46.869657,36.1,0.183,0.74,1446.52,NORMAL
2026-09-30 11:13:47.869657,54.61,1.172,1.4,1201.81,FAULT
2026-09-30 11:13:48.869657,46.24,0.469,1.01,1283.94,WARNING
2026-09-30 11:13:49.869657,40.01,0.337,0.64,1436.7,NORMAL
2026-09-30 11:13:50.869657,35.32,0.252,0.79,1479.74,NORMAL
2026-09-30 11:13:51.869657,34.53,0.293,0.79,1464.84,NORMAL
2026-09-30 11:13:52.869657,35.28,0.253,0.87,1424.68,NORMAL
2026-09-30 11:13:53.869657,36.75,0.213,0.96,1469.27,NORMAL
2026-09-30 11:13:54.869657,39.73,0.231,0.7,1437.79,NORMAL
2026-09-30 11:13:55.869657,38.48,0.254,0.66,1417.39,NORMAL
2026-09-30 11:13:56.869657,44.19,0.387,0.91,1400.27,WARNING
2026-09-30 11:13:57.869657,38.28,0.304,0.86,1444.17,NORMAL
2026-09-30 11:13:58.869657,33.74,0.314,0.78,1458.33,NORMAL
2026-09-30 11:13:59.869657,38.4,0.643,1.0,1388.84,WARNING
2026-09-30 11:14:00.869657,31.17,0.176,0.83,1427.89,NORMAL
2026-09-30 11:14:01.869657,54.32,1.473,1.51,1226.45,FAULT
2026-09-30 11:14:02.869657,34.83,0.282,0.75,1523.57,NORMAL
2026-09-30 11:14:03.869657,35.0,0.209,0.88,1469.59,NORMAL
2026-09-30 11:14:04.869657,34.71,0.217,0.87,1452.35,NORMAL
2026-09-30 11:14:05.869657,36.75,0.371,0.84,1441.57,NORMAL
2026-09-30 11:14:06.869657,36.81,0.239,0.91,1428.88,NORMAL
2026-09-30 11:14:07.869657,45.35,0.64,0.96,1329.78,WARNING
2026-09-30 11:14:08.869657,37.15,0.302,0.87,1449.53,NORMAL
2026-09-30 11:14:09.869657,32.22,0.239,0.79,1448.04,NORMAL
2026-09-30 11:14:10.869657,33.35,0.197,0.74,1483.64,NORMAL
2026-09-30 11:14:11.869657,35.99,0.22,0.79,1417.8,NORMAL
2026-09-30 11:14:12.869657,42.78,0.615,0.92,1304.46,WARNING
2026-09-30 11:14:13.869657,37.93,0.21,0.7,1420.67,NORMAL
2026-09-30 11:14:14.869657,36.27,0.244,0.76,1457.35,NORMAL
2026-09-30 11:14:15.869657,36.4,0.324,0.77,1486.46,NORMAL
2026-09-30 11:14:16.869657,40.89,0.286,0.99,1491.86,NORMAL
2026-09-30 11:14:17.869657,34.46,0.227,0.9,1449.48,NORMAL
2026-09-30 11:14:18.869657,39.91,0.55,1.04,1301.88,WARNING
2026-09-30 11:14:19.869657,36.73,0.147,0.92,1411.89,NORMAL
2026-09-30 11:14:20.869657,45.27,0.665,0.85,1424.53,WARNING
2026-09-30 11:14:21.869657,36.19,0.297,0.77,1495.68,NORMAL
2026-09-30 11:14:22.869657,32.43,0.225,0.82,1451.75,NORMAL
2026-09-30 11:14:23.869657,38.96,0.228,0.9,1454.37,NORMAL
2026-09-30 11:14:24.869657,42.23,0.733,1.01,1404.04,WARNING
2026-09-30 11:14:25.869657,36.06,0.273,0.82,1443.9,NORMAL
2026-09-30 11:14:26.869657,37.57,0.254,0.7,1439.65,NORMAL
2026-09-30 11:14:27.869657,41.55,0.277,0.85,1467.86,NORMAL
2026-09-30 11:14:28.869657,33.74,0.279,0.79,1444.48,NORMAL
2026-09-30 11:14:29.869657,36.97,0.238,0.85,1398.55,NORMAL
2026-09-30 11:14:30.869657,37.1,0.255,0.78,1462.0,NORMAL
2026-09-30 11:14:31.869657,46.36,1.13,1.33,1339.65,FAULT
2026-09-30 11:14:32.869657,39.17,0.571,0.86,1396.31,WARNING
2026-09-30 11:14:33.869657,39.35,0.473,1.11,1397.03,WARNING
2026-09-30 11:14:34.869657,38.53,0.39,0.81,1473.65,NORMAL
2026-09-30 11:14:35.869657,36.13,0.244,0.74,1478.27,NORMAL
2026-09-30 11:14:36.869657,37.47,0.237,0.76,1464.26,NORMAL
2026-09-30 11:14:37.869657,32.96,0.197,0.88,1421.63,NORMAL
2026-09-30 11:14:38.869657,33.77,0.183,0.75,1449.04,NORMAL
2026-09-30 11:14:39.869657,33.07,0.309,0.76,1392.99,NORMAL
2026-09-30 11:14:40.869657,34.35,0.232,0.77,1468.64,NORMAL
2026-09-30 11:14:41.869657,53.09,1.184,1.63,1123.49,FAULT
2026-09-30 11:14:42.869657,30.51,0.26,0.95,1439.4,NORMAL
2026-09-30 11:14:43.869657,34.28,0.281,0.87,1404.64,NORMAL
2026-09-30 11:14:44.869657,35.5,0.29,0.78,1426.77,NORMAL
2026-09-30 11:14:45.869657,34.75,0.231,0.84,1417.81,NORMAL
2026-09-30 11:14:46.869657,29.45,0.241,0.94,1453.66,NORMAL
2026-09-30 11:14:47.869657,34.63,0.283,0.73,1447.69,NORMAL
2026-09-30 11:14:48.869657,50.38,1.199,1.42,1301.73,FAULT
2026-09-30 11:14:49.869657,35.48,0.339,0.67,1421.36,NORMAL
2026-09-30 11:14:50.869657,35.35,0.273,0.79,1426.28,NORMAL
2026-09-30 11:14:51.869657,34.63,0.279,0.78,1484.28,NORMAL
2026-09-30 11:14:52.869657,43.6,0.585,1.0,1353.38,WARNING
2026-09-30 11:14:53.869657,34.93,0.224,0.91,1489.48,NORMAL
2026-09-30 11:14:54.869657,35.02,0.201,0.86,1500.39,NORMAL
2026-09-30 11:14:55.869657,35.42,0.227,0.62,1469.12,NORMAL
2026-09-30 11:14:56.869657,36.71,0.263,0.91,1449.54,NORMAL
2026-09-30 11:14:57.869657,34.72,0.224,0.9,1421.99,NORMAL
2026-09-30 11:14:58.869657,35.73,0.164,0.77,1413.25,NORMAL
2026-09-30 11:14:59.869657,35.1,0.323,0.83,1432.32,NORMAL
2026-09-30 11:15:00.869657,33.53,0.18,0.63,1449.08,NORMAL
2026-09-30 11:15:01.869657,51.02,1.312,1.48,1241.15,FAULT
2026-09-30 11:15:02.869657,36.33,0.209,0.72,1474.54,NORMAL
2026-09-30 11:15:03.869657,42.5,0.512,0.99,1332.7,WARNING
2026-09-30 11:15:04.869657,45.71,0.892,1.56,1291.78,FAULT
2026-09-30 11:15:05.869657,47.35,1.199,1.33,1269.96,FAULT
2026-09-30 11:15:06.869657,38.01,0.196,0.81,1494.85,NORMAL
2026-09-30 11:15:07.869657,33.71,0.205,0.76,1430.0,NORMAL
2026-09-30 11:15:08.869657,40.44,0.292,0.89,1464.76,NORMAL
2026-09-30 11:15:09.869657,33.28,0.206,0.86,1420.93,NORMAL
2026-09-30 11:15:10.869657,38.7,0.229,0.71,1439.15,NORMAL
2026-09-30 11:15:11.869657,36.21,0.255,0.8,1426.94,NORMAL
2026-09-30 11:15:12.869657,34.11,0.25,0.88,1433.42,NORMAL
2026-09-30 11:15:13.869657,31.47,0.23,0.73,1404.67,NORMAL
2026-09-30 11:15:14.869657,34.87,0.274,0.89,1440.0,NORMAL
2026-09-30 11:15:15.869657,31.95,0.265,0.82,1500.16,NORMAL
2026-09-30 11:15:16.869657,33.65,0.283,0.87,1469.26,NORMAL
2026-09-30 11:15:17.869657,30.9,0.216,0.69,1457.03,NORMAL
2026-09-30 11:15:18.869657,33.32,0.213,0.78,1341.97,NORMAL
2026-09-30 11:15:19.869657,33.46,0.223,0.88,1472.77,NORMAL
2026-09-30 11:15:20.869657,41.74,0.537,1.01,1369.33,WARNING
2026-09-30 11:15:21.869657,49.53,1.273,1.33,1322.13,FAULT
2026-09-30 11:15:22.869657,35.89,0.293,0.87,1416.6,NORMAL
2026-09-30 11:15:23.869657,34.61,0.277,0.8,1420.66,NORMAL
2026-09-30 11:15:24.869657,33.55,0.206,0.83,1410.01,NORMAL
2026-09-30 11:15:25.869657,36.15,0.189,0.84,1430.2,NORMAL
2026-09-30 11:15:26.869657,34.4,0.188,0.79,1493.15,NORMAL
2026-09-30 11:15:27.869657,31.91,0.316,0.93,1424.1,NORMAL
2026-09-30 11:15:28.869657,38.09,0.262,0.77,1450.05,NORMAL
2026-09-30 11:15:29.869657,34.31,0.251,0.81,1398.08,NORMAL
2026-09-30 11:15:30.869657,35.42,0.281,0.86,1445.78,NORMAL
2026-09-30 11:15:31.869657,34.31,0.236,0.85,1506.52,NORMAL
2026-09-30 11:15:32.869657,45.43,0.595,1.06,1313.8,WARNING
2026-09-30 11:15:33.869657,36.59,0.332,0.63,1431.08,NORMAL
2026-09-30 11:15:34.869657,37.63,0.286,0.72,1468.22,NORMAL
2026-09-30 11:15:35.869657,34.76,0.323,0.92,1456.24,NORMAL
2026-09-30 11:15:36.869657,36.78,0.24,0.78,1463.32,NORMAL
2026-09-30 11:15:37.869657,35.69,0.265,0.75,1460.44,NORMAL
2026-09-30 11:15:38.869657,34.23,0.301,0.81,1528.21,NORMAL
2026-09-30 11:15:39.869657,37.15,0.261,0.73,1448.91,NORMAL
2026-09-30 11:15:40.869657,33.15,0.227,0.81,1485.81,NORMAL
2026-09-30 11:15:41.869657,36.21,0.298,0.76,1424.94,NORMAL
2026-09-30 11:15:42.869657,47.06,1.248,1.36,1242.33,FAULT
2026-09-30 11:15:43.869657,31.05,0.298,0.86,1459.59,NORMAL
2026-09-30 11:15:44.869657,33.84,0.205,0.76,1457.03,NORMAL
2026-09-30 11:15:45.869657,36.95,0.297,0.82,1433.86,NORMAL
2026-09-30 11:15:46.869657,34.88,0.239,0.82,1415.51,NORMAL
2026-09-30 11:15:47.869657,37.17,0.233,0.72,1515.81,NORMAL
2026-09-30 11:15:48.869657,34.45,0.232,0.79,1436.56,NORMAL
2026-09-30 11:15:49.869657,50.01,1.499,1.59,1235.32,FAULT
2026-09-30 11:15:50.869657,33.7,0.234,0.96,1440.77,NORMAL
2026-09-30 11:15:51.869657,32.47,0.298,0.74,1414.52,NORMAL
2026-09-30 11:15:52.869657,29.3,0.277,0.96,1454.43,NORMAL
2026-09-30 11:15:53.869657,33.63,0.224,0.9,1426.21,NORMAL
2026-09-30 11:15:54.869657,32.69,0.286,0.92,1507.08,NORMAL
2026-09-30 11:15:55.869657,42.52,0.64,1.05,1317.96,WARNING
2026-09-30 11:15:56.869657,32.36,0.238,0.9,1448.29,NORMAL
2026-09-30 11:15:57.869657,32.17,0.315,0.67,1476.58,NORMAL
2026-09-30 11:15:58.869657,53.49,1.173,1.23,1198.95,FAULT
2026-09-30 11:15:59.869657,34.62,0.258,0.79,1467.25,NORMAL
2026-09-30 11:16:00.869657,32.02,0.194,0.83,1414.78,NORMAL
2026-09-30 11:16:01.869657,37.51,0.284,0.84,1458.99,NORMAL
2026-09-30 11:16:02.869657,46.98,0.938,1.28,1273.51,FAULT
2026-09-30 11:16:03.869657,35.6,0.288,0.82,1472.27,NORMAL
2026-09-30 11:16:04.869657,34.36,0.28,0.73,1454.26,NORMAL
2026-09-30 11:16:05.869657,34.23,0.225,0.92,1460.11,NORMAL
2026-09-30 11:16:06.869657,34.65,0.318,0.78,1475.49,NORMAL
2026-09-30 11:16:07.869657,29.6,0.191,0.81,1495.96,NORMAL
2026-09-30 11:16:08.869657,32.11,0.272,0.83,1421.76,NORMAL
2026-09-30 11:16:09.869657,35.05,0.333,0.84,1484.62,NORMAL
2026-09-30 11:16:10.869657,34.46,0.181,0.91,1512.98,NORMAL
2026-09-30 11:16:11.869657,33.97,0.25,0.92,1473.46,NORMAL
2026-09-30 11:16:12.869657,33.44,0.287,0.76,1436.19,NORMAL
2026-09-30 11:16:13.869657,35.59,0.266,0.91,1397.19,NORMAL
2026-09-30 11:16:14.869657,33.69,0.224,0.81,1459.63,NORMAL
2026-09-30 11:16:15.869657,37.53,0.2,0.74,1424.6,NORMAL
2026-09-30 11:16:16.869657,44.86,0.886,1.44,1342.55,FAULT
2026-09-30 11:16:17.869657,35.92,0.235,0.77,1455.56,NORMAL
2026-09-30 11:16:18.869657,37.42,0.249,0.93,1477.24,NORMAL
2026-09-30 11:16:19.869657,47.41,1.174,1.38,1215.54,FAULT
2026-09-30 11:16:20.869657,34.93,0.225,0.79,1471.44,NORMAL
2026-09-30 11:16:21.869657,36.36,0.283,0.89,1451.86,NORMAL
2026-09-30 11:16:22.869657,34.42,0.272,0.79,1448.32,NORMAL
2026-09-30 11:16:23.869657,32.12,0.228,0.82,1443.76,NORMAL
2026-09-30 11:16:24.869657,39.24,0.299,0.61,1433.04,NORMAL
2026-09-30 11:16:25.869657,34.56,0.2,0.8,1385.15,NORMAL
2026-09-30 11:16:26.869657,37.11,0.682,0.86,1339.82,WARNING
2026-09-30 11:16:27.869657,36.83,0.308,0.61,1431.54,NORMAL
2026-09-30 11:16:28.869657,34.83,0.363,0.78,1444.5,NORMAL
2026-09-30 11:16:29.869657,34.48,0.269,0.81,1460.48,NORMAL
2026-09-30 11:16:30.869657,33.74,0.215,0.7,1452.52,NORMAL
2026-09-30 11:16:31.869657,37.35,0.615,1.14,1348.07,WARNING
2026-09-30 11:16:32.869657,35.37,0.2,0.81,1454.52,NORMAL
2026-09-30 11:16:33.869657,35.87,0.154,0.82,1431.46,NORMAL
2026-09-30 11:16:34.869657,40.64,0.586,1.04,1334.19,WARNING
2026-09-30 11:16:35.869657,37.84,0.244,0.92,1462.75,NORMAL
2026-09-30 11:16:36.869657,33.94,0.289,0.68,1457.05,NORMAL
2026-09-30 11:16:37.869657,48.59,1.106,1.6,1282.98,FAULT
2026-09-30 11:16:38.869657,37.31,0.308,0.83,1454.99,NORMAL
2026-09-30 11:16:39.869657,34.93,0.221,0.67,1423.94,NORMAL
2026-09-30 11:16:40.869657,32.69,0.151,0.8,1474.56,NORMAL
2026-09-30 11:16:41.869657,34.1,0.303,0.65,1405.55,NORMAL
2026-09-30 11:16:42.869657,33.22,0.242,0.72,1460.17,NORMAL
2026-09-30 11:16:43.869657,34.64,0.351,0.77,1446.05,NORMAL
2026-09-30 11:16:44.869657,36.76,0.203,0.79,1458.44,NORMAL
2026-09-30 11:16:45.869657,35.2,0.239,0.66,1528.92,NORMAL
2026-09-30 11:16:46.869657,33.18,0.28,0.67,1460.39,NORMAL
2026-09-30 11:16:47.869657,34.01,0.176,0.8,1402.56,NORMAL
2026-09-30 11:16:48.869657,44.97,0.608,1.0,1348.19,WARNING
2026-09-30 11:16:49.869657,32.78,0.26,0.84,1458.42,NORMAL
2026-09-30 11:16:50.869657,36.58,0.249,0.66,1539.78,NORMAL
2026-09-30 11:16:51.869657,51.53,1.092,1.22,1243.19,FAULT
2026-09-30 11:16:52.869657,34.06,0.306,0.93,1495.85,NORMAL
2026-09-30 11:16:53.869657,35.01,0.296,0.81,1449.79,NORMAL
2026-09-30 11:16:54.869657,35.11,0.184,0.84,1468.97,NORMAL
2026-09-30 11:16:55.869657,32.97,0.293,0.77,1442.21,NORMAL
2026-09-30 11:16:56.869657,52.67,1.203,1.51,1286.92,FAULT
2026-09-30 11:16:57.869657,42.24,0.494,0.89,1326.1,WARNING
2026-09-30 11:16:58.869657,32.84,0.267,0.85,1469.25,NORMAL
2026-09-30 11:16:59.869657,49.78,1.178,1.32,1259.5,FAULT
2026-09-30 11:17:00.869657,31.7,0.298,0.84,1463.48,NORMAL
2026-09-30 11:17:01.869657,34.49,0.262,0.82,1429.78,NORMAL
2026-09-30 11:17:02.869657,34.51,0.287,0.8,1394.55,NORMAL
2026-09-30 11:17:03.869657,37.61,0.198,0.85,1462.92,NORMAL
2026-09-30 11:17:04.869657,36.83,0.201,0.93,1421.05,NORMAL
2026-09-30 11:17:05.869657,31.73,0.237,0.79,1448.78,NORMAL
2026-09-30 11:17:06.869657,41.75,0.284,0.77,1418.32,NORMAL
2026-09-30 11:17:07.869657,37.34,0.223,1.01,1476.05,NORMAL
2026-09-30 11:17:08.869657,34.35,0.263,0.76,1501.55,NORMAL
2026-09-30 11:17:09.869657,34.96,0.218,0.7,1427.55,NORMAL
2026-09-30 11:17:10.869657,33.5,0.29,0.68,1481.73,NORMAL
2026-09-30 11:17:11.869657,35.62,0.2,0.81,1412.12,NORMAL
2026-09-30 11:17:12.869657,33.27,0.307,0.77,1491.23,NORMAL
2026-09-30 11:17:13.869657,38.68,0.256,0.75,1439.08,NORMAL
2026-09-30 11:17:14.869657,33.73,0.155,0.79,1516.32,NORMAL
2026-09-30 11:17:15.869657,38.33,0.265,0.82,1505.32,NORMAL
2026-09-30 11:17:16.869657,34.63,0.302,0.92,1435.6,NORMAL
2026-09-30 11:17:17.869657,50.88,1.108,1.09,1184.62,FAULT
2026-09-30 11:17:18.869657,36.73,0.288,0.78,1475.22,NORMAL
2026-09-30 11:17:19.869657,34.18,0.287,0.78,1414.34,NORMAL
2026-09-30 11:17:20.869657,47.77,0.625,1.1,1438.1,WARNING
2026-09-30 11:17:21.869657,36.58,0.273,0.86,1446.56,NORMAL
2026-09-30 11:17:22.869657,37.06,0.269,0.72,1409.41,NORMAL
2026-09-30 11:17:23.869657,34.32,0.311,0.8,1457.81,NORMAL
2026-09-30 11:17:24.869657,31.02,0.267,0.77,1459.48,NORMAL
2026-09-30 11:17:25.869657,32.47,0.338,0.85,1437.44,NORMAL
2026-09-30 11:17:26.869657,44.64,0.696,1.08,1332.91,WARNING
2026-09-30 11:17:27.869657,36.18,0.192,0.83,1466.76,NORMAL
2026-09-30 11:17:28.869657,38.25,0.262,0.77,1422.53,NORMAL
2026-09-30 11:17:29.869657,36.56,0.251,0.76,1418.05,NORMAL
2026-09-30 11:17:30.869657,36.62,0.262,0.81,1459.19,NORMAL
2026-09-30 11:17:31.869657,32.08,0.256,1.01,1485.68,NORMAL
2026-09-30 11:17:32.869657,33.82,0.187,0.83,1446.48,NORMAL
2026-09-30 11:17:33.869657,36.62,0.291,0.84,1401.58,NORMAL
2026-09-30 11:17:34.869657,36.35,0.248,0.82,1484.95,NORMAL
2026-09-30 11:17:35.869657,34.78,0.285,0.62,1499.83,NORMAL
2026-09-30 11:17:36.869657,33.75,0.248,0.79,1480.19,NORMAL
2026-09-30 11:17:37.869657,40.72,0.631,1.02,1320.08,WARNING
2026-09-30 11:17:38.869657,33.8,0.207,0.85,1449.02,NORMAL
2026-09-30 11:17:39.869657,52.12,1.079,1.46,1234.68,FAULT
2026-09-30 11:17:40.869657,35.32,0.26,0.8,1465.32,NORMAL
2026-09-30 11:17:41.869657,32.71,0.227,0.7,1443.72,NORMAL
2026-09-30 11:17:42.869657,35.38,0.207,0.85,1516.29,NORMAL
2026-09-30 11:17:43.869657,35.29,0.2,0.82,1446.09,NORMAL
2026-09-30 11:17:44.869657,33.23,0.219,0.71,1471.96,NORMAL
2026-09-30 11:17:45.869657,35.68,0.284,0.67,1409.81,NORMAL
2026-09-30 11:17:46.869657,35.92,0.195,0.88,1438.57,NORMAL
2026-09-30 11:17:47.869657,31.82,0.315,0.85,1429.53,NORMAL
2026-09-30 11:17:48.869657,33.68,0.22,0.84,1432.68,NORMAL
2026-09-30 11:17:49.869657,29.8,0.321,0.88,1456.32,NORMAL
2026-09-30 11:17:50.869657,34.36,0.248,0.95,1410.25,NORMAL
2026-09-30 11:17:51.869657,33.06,0.271,0.71,1465.05,NORMAL
2026-09-30 11:17:52.869657,37.53,0.201,0.79,1433.34,NORMAL
2026-09-30 11:17:53.869657,36.37,0.218,0.9,1503.6,NORMAL
2026-09-30 11:17:54.869657,40.01,0.227,0.95,1442.11,NORMAL
2026-09-30 11:17:55.869657,33.79,0.218,0.86,1469.78,NORMAL
2026-09-30 11:17:56.869657,35.01,0.279,0.82,1464.39,NORMAL
2026-09-30 11:17:57.869657,42.34,0.521,1.06,1349.49,WARNING
2026-09-30 11:17:58.869657,53.78,1.452,1.32,1242.94,FAULT
2026-09-30 11:17:59.869657,37.56,0.22,0.94,1484.18,NORMAL
2026-09-30 11:18:00.869657,36.28,0.335,0.83,1469.38,NORMAL
2026-09-30 11:18:01.869657,34.53,0.111,0.83,1427.98,NORMAL
2026-09-30 11:18:02.869657,35.16,0.309,0.77,1440.65,NORMAL
2026-09-30 11:18:03.869657,35.09,0.165,0.81,1464.12,NORMAL
2026-09-30 11:18:04.869657,34.3,0.357,0.79,1484.89,NORMAL
2026-09-30 11:18:05.869657,33.6,0.23,0.82,1482.56,NORMAL
2026-09-30 11:18:06.869657,30.29,0.251,0.9,1465.82,NORMAL
2026-09-30 11:18:07.869657,38.53,0.274,0.82,1441.27,NORMAL
2026-09-30 11:18:08.869657,54.41,0.894,1.5,1191.63,FAULT
2026-09-30 11:18:09.869657,33.81,0.241,0.9,1504.15,NORMAL
2026-09-30 11:18:10.869657,44.06,0.59,1.07,1297.03,WARNING
2026-09-30 11:18:11.869657,35.68,0.375,0.77,1454.17,NORMAL
2026-09-30 11:18:12.869657,46.29,0.979,1.24,1233.2,FAULT
2026-09-30 11:18:13.869657,37.71,0.271,0.89,1498.39,NORMAL
2026-09-30 11:18:14.869657,46.5,0.933,1.52,1188.59,FAULT
2026-09-30 11:18:15.869657,39.93,0.245,0.88,1420.37,NORMAL
2026-09-30 11:18:16.869657,33.42,0.285,0.78,1485.71,NORMAL
2026-09-30 11:18:17.869657,41.97,0.482,0.88,1441.93,WARNING
2026-09-30 11:18:18.869657,38.03,0.307,0.71,1414.97,NORMAL
2026-09-30 11:18:19.869657,52.95,1.373,1.3,1215.85,FAULT
2026-09-30 11:18:20.869657,37.29,0.259,0.82,1390.89,NORMAL
2026-09-30 11:18:21.869657,36.59,0.235,0.78,1442.59,NORMAL
2026-09-30 11:18:22.869657,32.82,0.278,0.85,1445.87,NORMAL
2026-09-30 11:18:23.869657,37.39,0.292,0.86,1447.49,NORMAL
2026-09-30 11:18:24.869657,39.61,0.18,0.86,1499.92,NORMAL
2026-09-30 11:18:25.869657,32.26,0.201,0.89,1488.21,NORMAL
2026-09-30 11:18:26.869657,34.87,0.31,0.77,1477.06,NORMAL
2026-09-30 11:18:27.869657,40.43,0.588,1.01,1379.35,WARNING
2026-09-30 11:18:28.869657,36.74,0.266,0.71,1491.4,NORMAL
2026-09-30 11:18:29.869657,35.45,0.254,0.84,1439.16,NORMAL
2026-09-30 11:18:30.869657,36.02,0.26,0.84,1446.41,NORMAL
2026-09-30 11:18:31.869657,29.15,0.193,0.71,1456.49,NORMAL
2026-09-30 11:18:32.869657,38.18,0.221,0.68,1469.15,NORMAL
2026-09-30 11:18:33.869657,35.78,0.322,0.84,1456.54,NORMAL
2026-09-30 11:18:34.869657,37.83,0.206,0.79,1436.42,NORMAL
2026-09-30 11:18:35.869657,35.74,0.206,0.89,1399.49,NORMAL
2026-09-30 11:18:36.869657,36.05,0.21,0.78,1455.76,NORMAL
2026-09-30 11:18:37.869657,35.24,0.145,0.66,1457.2,NORMAL
2026-09-30 11:18:38.869657,34.1,0.243,0.82,1393.59,NORMAL
2026-09-30 11:18:39.869657,33.7,0.23,0.71,1403.79,NORMAL
2026-09-30 11:18:40.869657,33.5,0.326,0.81,1476.55,NORMAL
2026-09-30 11:18:41.869657,35.84,0.257,0.77,1388.66,NORMAL
2026-09-30 11:18:42.869657,36.76,0.277,0.85,1438.73,NORMAL
2026-09-30 11:18:43.869657,37.69,0.21,0.81,1443.25,NORMAL
2026-09-30 11:18:44.869657,51.28,1.127,1.46,1178.13,FAULT
2026-09-30 11:18:45.869657,38.26,0.259,0.93,1438.16,NORMAL
2026-09-30 11:18:46.869657,37.87,0.181,0.77,1484.27,NORMAL
2026-09-30 11:18:47.869657,35.83,0.276,0.72,1414.37,NORMAL
2026-09-30 11:18:48.869657,32.59,0.261,0.85,1441.03,NORMAL
2026-09-30 11:18:49.869657,34.27,0.351,0.87,1438.56,NORMAL
2026-09-30 11:18:50.869657,35.13,0.236,0.71,1395.53,NORMAL
2026-09-30 11:18:51.869657,35.7,0.242,0.84,1419.25,NORMAL
2026-09-30 11:18:52.869657,33.37,0.192,0.84,1469.05,NORMAL
2026-09-30 11:18:53.869657,52.0,1.284,1.57,1151.97,FAULT
2026-09-30 11:18:54.869657,35.17,0.284,0.83,1451.97,NORMAL
2026-09-30 11:18:55.869657,38.53,0.293,0.7,1478.47,NORMAL
2026-09-30 11:18:56.869657,38.43,0.717,1.01,1313.84,WARNING
2026-09-30 11:18:57.869657,38.02,0.172,0.83,1457.15,NORMAL
2026-09-30 11:18:58.869657,41.85,0.684,0.9,1307.73,WARNING
2026-09-30 11:18:59.869657,34.16,0.172,0.74,1505.58,NORMAL
2026-09-30 11:19:00.869657,34.7,0.217,0.82,1453.98,NORMAL
2026-09-30 11:19:01.869657,38.42,0.218,0.91,1441.55,NORMAL
2026-09-30 11:19:02.869657,35.56,0.208,0.8,1409.02,NORMAL
2026-09-30 11:19:03.869657,34.79,0.303,0.73,1427.09,NORMAL
2026-09-30 11:19:04.869657,34.45,0.189,0.85,1430.55,NORMAL
2026-09-30 11:19:05.869657,32.41,0.181,0.81,1484.53,NORMAL
2026-09-30 11:19:06.869657,35.68,0.244,0.79,1442.1,NORMAL
2026-09-30 11:19:07.869657,33.1,0.203,0.87,1403.67,NORMAL
2026-09-30 11:19:08.869657,36.06,0.265,0.72,1468.7,NORMAL
2026-09-30 11:19:09.869657,38.47,0.517,0.97,1313.96,WARNING
2026-09-30 11:19:10.869657,36.13,0.284,0.73,1425.39,NORMAL
2026-09-30 11:19:11.869657,33.52,0.152,0.86,1499.39,NORMAL
2026-09-30 11:19:12.869657,38.37,0.27,0.71,1446.28,NORMAL
2026-09-30 11:19:13.869657,38.47,0.394,1.11,1344.28,WARNING
2026-09-30 11:19:14.869657,34.27,0.259,0.8,1420.4,NORMAL
2026-09-30 11:19:15.869657,35.99,0.318,0.63,1430.36,NORMAL
2026-09-30 11:19:16.869657,37.83,0.342,0.79,1460.42,NORMAL
2026-09-30 11:19:17.869657,42.65,0.597,0.83,1402.12,WARNING
2026-09-30 11:19:18.869657,36.91,0.235,0.84,1445.81,NORMAL
2026-09-30 11:19:19.869657,47.19,1.194,1.5,1310.39,FAULT
2026-09-30 11:19:20.869657,36.07,0.325,0.77,1494.38,NORMAL
2026-09-30 11:19:21.869657,32.33,0.217,0.75,1498.14,NORMAL
2026-09-30 11:19:22.869657,36.25,0.239,0.78,1491.07,NORMAL
2026-09-30 11:19:23.869657,44.82,0.66,0.9,1325.53,WARNING
2026-09-30 11:19:24.869657,46.39,1.151,1.44,1184.87,FAULT
2026-09-30 11:19:25.869657,36.67,0.211,0.71,1485.48,NORMAL
2026-09-30 11:19:26.869657,34.69,0.192,0.78,1479.4,NORMAL
2026-09-30 11:19:27.869657,32.45,0.269,0.82,1530.64,NORMAL
2026-09-30 11:19:28.869657,34.57,0.201,0.66,1427.96,NORMAL
2026-09-30 11:19:29.869657,37.69,0.218,0.95,1458.28,NORMAL
2026-09-30 11:19:30.869657,43.14,0.487,0.96,1412.87,WARNING
2026-09-30 11:19:31.869657,35.34,0.252,0.91,1445.53,NORMAL
2026-09-30 11:19:32.869657,36.55,0.25,0.82,1458.87,NORMAL
2026-09-30 11:19:33.869657,31.99,0.262,0.74,1365.32,NORMAL
2026-09-30 11:19:34.869657,48.61,1.486,1.27,1202.59,FAULT
2026-09-30 11:19:35.869657,52.46,1.038,1.44,1310.55,FAULT
2026-09-30 11:19:36.869657,47.96,1.41,1.41,1183.54,FAULT
2026-09-30 11:19:37.869657,35.83,0.19,0.73,1483.97,NORMAL
2026-09-30 11:19:38.869657,38.22,0.628,1.14,1370.17,WARNING
2026-09-30 11:19:39.869657,36.42,0.249,0.75,1400.07,NORMAL
2026-09-30 11:19:40.869657,39.07,0.35,0.79,1432.67,NORMAL
2026-09-30 11:19:41.869657,35.68,0.287,0.84,1389.05,NORMAL
2026-09-30 11:19:42.869657,32.47,0.189,0.81,1435.0,NORMAL
2026-09-30 11:19:43.869657,46.09,0.671,0.92,1441.87,WARNING
2026-09-30 11:19:44.869657,38.06,0.271,0.95,1466.2,NORMAL
2026-09-30 11:19:45.869657,34.45,0.202,1.01,1455.23,NORMAL
2026-09-30 11:19:46.869657,34.83,0.319,0.62,1407.33,NORMAL
2026-09-30 11:19:47.869657,35.14,0.283,0.87,1467.94,NORMAL
2026-09-30 11:19:48.869657,46.53,0.675,0.97,1321.24,WARNING
2026-09-30 11:19:49.869657,37.65,0.235,0.72,1449.68,NORMAL
2026-09-30 11:19:50.869657,34.14,0.165,0.78,1435.6,NORMAL
2026-09-30 11:19:51.869657,35.82,0.201,0.82,1467.02,NORMAL
2026-09-30 11:19:52.869657,34.41,0.227,0.83,1467.21,NORMAL
2026-09-30 11:19:53.869657,33.15,0.338,0.78,1509.83,NORMAL
2026-09-30 11:19:54.869657,32.49,0.2,0.82,1460.27,NORMAL
2026-09-30 11:19:55.869657,34.36,0.229,0.71,1497.03,NORMAL
2026-09-30 11:19:56.869657,51.37,1.365,1.21,1255.28,FAULT
2026-09-30 11:19:57.869657,33.67,0.303,0.81,1416.55,NORMAL
2026-09-30 11:19:58.869657,34.82,0.331,0.72,1395.75,NORMAL
2026-09-30 11:19:59.869657,35.51,0.274,0.77,1471.92,NORMAL
2026-09-30 11:20:00.869657,38.07,0.321,0.6,1436.25,NORMAL
2026-09-30 11:20:01.869657,40.6,0.635,0.83,1346.31,WARNING
2026-09-30 11:20:02.869657,37.11,0.158,0.82,1476.6,NORMAL
2026-09-30 11:20:03.869657,36.54,0.228,0.85,1469.57,NORMAL
2026-09-30 11:20:04.869657,37.41,0.263,0.73,1437.6,NORMAL
2026-09-30 11:20:05.869657,33.6,0.198,0.85,1518.46,NORMAL
2026-09-30 11:20:06.869657,34.02,0.219,0.66,1450.59,NORMAL
2026-09-30 11:20:07.869657,33.61,0.247,0.73,1485.92,NORMAL
2026-09-30 11:20:08.869657,36.07,0.166,0.73,1413.62,NORMAL
2026-09-30 11:20:09.869657,33.04,0.249,0.72,1437.61,NORMAL
2026-09-30 11:20:10.869657,37.66,0.166,0.74,1500.32,NORMAL
2026-09-30 11:20:11.869657,33.55,0.242,0.71,1475.27,NORMAL
2026-09-30 11:20:12.869657,49.01,0.476,0.77,1373.8,WARNING
2026-09-30 11:20:13.869657,33.68,0.2,0.59,1411.06,NORMAL
2026-09-30 11:20:14.869657,37.99,0.314,0.72,1481.0,NORMAL
2026-09-30 11:20:15.869657,31.38,0.221,0.81,1419.77,NORMAL
2026-09-30 11:20:16.869657,33.31,0.285,0.82,1374.35,NORMAL
2026-09-30 11:20:17.869657,38.88,0.255,0.81,1421.07,NORMAL
2026-09-30 11:20:18.869657,38.91,0.2,0.74,1428.7,NORMAL
2026-09-30 11:20:19.869657,33.52,0.231,0.89,1454.33,NORMAL
2026-09-30 11:20:20.869657,36.07,0.162,0.88,1478.12,NORMAL
2026-09-30 11:20:21.869657,51.61,1.053,1.48,1183.86,FAULT
2026-09-30 11:20:22.869657,40.92,0.485,1.08,1270.6,WARNING
2026-09-30 11:20:23.869657,35.68,0.221,0.76,1431.0,NORMAL
2026-09-30 11:20:24.869657,32.11,0.268,0.74,1482.24,NORMAL
2026-09-30 11:20:25.869657,33.43,0.346,0.85,1465.67,NORMAL
2026-09-30 11:20:26.869657,36.02,0.241,0.91,1443.63,NORMAL
2026-09-30 11:20:27.869657,35.13,0.291,0.82,1423.85,NORMAL
2026-09-30 11:20:28.869657,35.06,0.242,0.83,1472.49,NORMAL
2026-09-30 11:20:29.869657,41.05,0.605,1.09,1370.56,WARNING
2026-09-30 11:20:30.869657,34.21,0.265,0.91,1492.41,NORMAL
2026-09-30 11:20:31.869657,31.7,0.2,0.89,1462.86,NORMAL
2026-09-30 11:20:32.869657,34.35,0.317,0.88,1461.08,NORMAL
2026-09-30 11:20:33.869657,33.87,0.226,0.78,1436.64,NORMAL
2026-09-30 11:20:34.869657,37.87,0.612,0.93,1398.01,WARNING
2026-09-30 11:20:35.869657,35.63,0.282,0.93,1429.3,NORMAL
2026-09-30 11:20:36.869657,34.76,0.326,0.78,1449.06,NORMAL
2026-09-30 11:20:37.869657,32.43,0.272,0.83,1460.74,NORMAL
2026-09-30 11:20:38.869657,36.43,0.23,0.67,1443.78,NORMAL
2026-09-30 11:20:39.869657,42.19,0.581,0.89,1318.3,WARNING
2026-09-30 11:20:40.869657,36.12,0.23,0.7,1423.22,NORMAL
2026-09-30 11:20:41.869657,36.77,0.276,0.84,1476.64,NORMAL
2026-09-30 11:20:42.869657,36.74,0.251,0.72,1431.63,NORMAL
2026-09-30 11:20:43.869657,37.07,0.244,0.78,1436.72,NORMAL
2026-09-30 11:20:44.869657,43.6,0.552,1.21,1310.62,WARNING
2026-09-30 11:20:45.869657,39.96,0.605,0.96,1378.07,WARNING
2026-09-30 11:20:46.869657,34.24,0.287,0.79,1462.47,NORMAL
2026-09-30 11:20:47.869657,34.75,0.24,0.81,1496.11,NORMAL
2026-09-30 11:20:48.869657,37.09,0.24,0.83,1448.78,NORMAL
2026-09-30 11:20:49.869657,36.51,0.233,0.77,1464.61,NORMAL
2026-09-30 11:20:50.869657,37.87,0.157,0.75,1447.17,NORMAL
2026-09-30 11:20:51.869657,31.66,0.355,0.8,1391.1,NORMAL
2026-09-30 11:20:52.869657,35.54,0.33,0.81,1481.32,NORMAL
2026-09-30 11:20:53.869657,35.38,0.308,0.84,1412.82,NORMAL
2026-09-30 11:20:54.869657,34.68,0.31,0.76,1458.07,NORMAL
2026-09-30 11:20:55.869657,34.0,0.212,0.89,1410.05,NORMAL
2026-09-30 11:20:56.869657,42.52,0.819,1.04,1381.81,WARNING
2026-09-30 11:20:57.869657,36.16,0.26,0.65,1426.48,NORMAL
2026-09-30 11:20:58.869657,43.94,0.613,0.88,1350.47,WARNING
2026-09-30 11:20:59.869657,34.16,0.252,0.84,1494.18,NORMAL
2026-09-30 11:21:00.869657,34.6,0.23,0.88,1509.47,NORMAL
2026-09-30 11:21:01.869657,31.58,0.269,0.75,1438.08,NORMAL
2026-09-30 11:21:02.869657,32.62,0.272,0.81,1445.44,NORMAL
2026-09-30 11:21:03.869657,32.99,0.336,0.75,1478.94,NORMAL
2026-09-30 11:21:04.869657,41.74,0.581,0.96,1291.39,WARNING
2026-09-30 11:21:05.869657,34.9,0.21,0.85,1468.35,NORMAL
2026-09-30 11:21:06.869657,33.74,0.147,0.83,1452.17,NORMAL
2026-09-30 11:21:07.869657,34.63,0.267,0.98,1427.99,NORMAL
2026-09-30 11:21:08.869657,33.85,0.233,0.77,1425.9,NORMAL
2026-09-30 11:21:09.869657,33.3,0.262,0.82,1482.13,NORMAL
2026-09-30 11:21:10.869657,43.18,0.953,1.47,1224.15,FAULT
2026-09-30 11:21:11.869657,32.73,0.248,0.87,1500.47,NORMAL
2026-09-30 11:21:12.869657,32.84,0.233,0.92,1407.72,NORMAL
2026-09-30 11:21:13.869657,33.61,0.19,0.88,1459.54,NORMAL
2026-09-30 11:21:14.869657,50.76,1.289,1.54,1284.95,FAULT
2026-09-30 11:21:15.869657,34.29,0.373,0.78,1433.48,NORMAL
2026-09-30 11:21:16.869657,30.6,0.313,0.82,1438.61,NORMAL
2026-09-30 11:21:17.869657,35.44,0.371,0.96,1407.82,NORMAL
2026-09-30 11:21:18.869657,35.26,0.282,0.76,1393.8,NORMAL
2026-09-30 11:21:19.869657,34.0,0.209,0.71,1484.09,NORMAL
2026-09-30 11:21:20.869657,35.72,0.225,0.81,1476.76,NORMAL
2026-09-30 11:21:21.869657,36.18,0.183,0.82,1450.14,NORMAL
2026-09-30 11:21:22.869657,39.24,0.575,1.08,1377.5,WARNING
2026-09-30 11:21:23.869657,53.5,1.009,1.28,1147.88,FAULT
2026-09-30 11:21:24.869657,34.57,0.235,0.84,1449.14,NORMAL
2026-09-30 11:21:25.869657,34.41,0.285,0.79,1443.4,NORMAL
2026-09-30 11:21:26.869657,37.25,0.284,0.82,1495.55,NORMAL
2026-09-30 11:21:27.869657,31.68,0.293,0.91,1523.85,NORMAL
2026-09-30 11:21:28.869657,34.9,0.264,0.77,1456.81,NORMAL
2026-09-30 11:21:29.869657,43.73,0.468,1.19,1281.61,WARNING
2026-09-30 11:21:30.869657,32.95,0.17,0.85,1494.54,NORMAL
2026-09-30 11:21:31.869657,34.46,0.128,0.67,1430.25,NORMAL
2026-09-30 11:21:32.869657,33.44,0.3,0.65,1404.29,NORMAL
2026-09-30 11:21:33.869657,31.65,0.24,0.8,1479.69,NORMAL
2026-09-30 11:21:34.869657,34.54,0.21,0.81,1468.45,NORMAL
2026-09-30 11:21:35.869657,36.49,0.261,0.8,1396.56,NORMAL
2026-09-30 11:21:36.869657,36.08,0.21,0.92,1479.78,NORMAL
2026-09-30 11:21:37.869657,41.31,0.684,0.95,1261.2,WARNING
2026-09-30 11:21:38.869657,35.52,0.197,0.85,1431.6,NORMAL
2026-09-30 11:21:39.869657,41.04,0.539,1.05,1395.56,WARNING
2026-09-30 11:21:40.869657,32.45,0.308,0.9,1412.65,NORMAL
2026-09-30 11:21:41.869657,34.2,0.268,0.84,1417.25,NORMAL
2026-09-30 11:21:42.869657,33.37,0.192,0.68,1455.64,NORMAL
2026-09-30 11:21:43.869657,33.95,0.27,0.92,1443.99,NORMAL
2026-09-30 11:21:44.869657,34.03,0.257,0.71,1460.1,NORMAL
2026-09-30 11:21:45.869657,32.32,0.206,0.67,1410.79,NORMAL
2026-09-30 11:21:46.869657,35.4,0.266,0.81,1440.95,NORMAL
2026-09-30 11:21:47.869657,34.41,0.282,0.8,1532.88,NORMAL
2026-09-30 11:21:48.869657,32.15,0.239,0.78,1497.62,NORMAL
2026-09-30 11:21:49.869657,36.73,0.193,0.81,1463.98,NORMAL
2026-09-30 11:21:50.869657,34.08,0.304,0.71,1459.7,NORMAL
2026-09-30 11:21:51.869657,36.52,0.208,0.6,1473.44,NORMAL
2026-09-30 11:21:52.869657,36.65,0.267,0.81,1421.32,NORMAL
2026-09-30 11:21:53.869657,35.34,0.248,0.71,1443.54,NORMAL
2026-09-30 11:21:54.869657,36.87,0.275,0.98,1419.53,NORMAL
2026-09-30 11:21:55.869657,31.82,0.27,0.8,1468.37,NORMAL
2026-09-30 11:21:56.869657,33.87,0.215,0.83,1483.62,NORMAL
2026-09-30 11:21:57.869657,34.11,0.234,0.8,1443.39,NORMAL
2026-09-30 11:21:58.869657,50.99,1.086,1.28,1277.9,FAULT
2026-09-30 11:21:59.869657,30.03,0.198,0.73,1433.8,NORMAL
2026-09-30 11:22:00.869657,32.96,0.209,0.76,1439.38,NORMAL
2026-09-30 11:22:01.869657,38.13,0.29,0.71,1480.41,NORMAL
2026-09-30 11:22:02.869657,32.79,0.317,0.76,1412.46,NORMAL
2026-09-30 11:22:03.869657,34.2,0.275,0.81,1445.56,NORMAL
2026-09-30 11:22:04.869657,33.72,0.242,0.85,1430.75,NORMAL
2026-09-30 11:22:05.869657,33.77,0.195,0.92,1457.4,NORMAL
2026-09-30 11:22:06.869657,36.06,0.196,0.81,1449.11,NORMAL
2026-09-30 11:22:07.869657,34.19,0.291,0.92,1452.44,NORMAL
2026-09-30 11:22:08.869657,54.06,1.238,1.51,1256.75,FAULT
2026-09-30 11:22:09.869657,34.64,0.252,0.76,1434.46,NORMAL
2026-09-30 11:22:10.869657,34.72,0.233,0.82,1416.42,NORMAL
2026-09-30 11:22:11.869657,33.09,0.293,0.85,1446.88,NORMAL
2026-09-30 11:22:12.869657,34.11,0.236,0.93,1478.4,NORMAL
2026-09-30 11:22:13.869657,34.91,0.307,0.77,1428.57,NORMAL
2026-09-30 11:22:14.869657,36.27,0.366,0.88,1492.42,NORMAL
2026-09-30 11:22:15.869657,37.81,0.272,0.86,1415.94,NORMAL
2026-09-30 11:22:16.869657,37.63,0.223,0.79,1452.86,NORMAL
2026-09-30 11:22:17.869657,34.88,0.252,0.82,1420.96,NORMAL
2026-09-30 11:22:18.869657,35.09,0.224,0.73,1442.96,NORMAL
2026-09-30 11:22:19.869657,35.33,0.263,0.76,1467.59,NORMAL
2026-09-30 11:22:20.869657,36.31,0.214,0.8,1453.71,NORMAL
2026-09-30 11:22:21.869657,49.4,1.192,1.36,1212.37,FAULT
2026-09-30 11:22:22.869657,34.61,0.161,0.61,1431.58,NORMAL
2026-09-30 11:22:23.869657,52.0,0.965,1.54,1218.83,FAULT
2026-09-30 11:22:24.869657,35.78,0.198,0.85,1462.78,NORMAL
2026-09-30 11:22:25.869657,33.74,0.2,0.74,1411.79,NORMAL
2026-09-30 11:22:26.869657,53.56,1.306,1.25,1191.41,FAULT
2026-09-30 11:22:27.869657,34.28,0.314,0.75,1494.62,NORMAL
2026-09-30 11:22:28.869657,32.97,0.162,0.76,1434.89,NORMAL
2026-09-30 11:22:29.869657,34.62,0.288,0.75,1424.61,NORMAL
2026-09-30 11:22:30.869657,33.04,0.211,0.91,1455.74,NORMAL
2026-09-30 11:22:31.869657,38.28,0.3,0.74,1509.77,NORMAL
2026-09-30 11:22:32.869657,46.93,1.232,1.17,1240.3,FAULT
2026-09-30 11:22:33.869657,33.35,0.301,0.86,1475.16,NORMAL
2026-09-30 11:22:34.869657,36.84,0.293,0.69,1436.02,NORMAL
2026-09-30 11:22:35.869657,35.43,0.283,0.84,1421.86,NORMAL
2026-09-30 11:22:36.869657,38.09,0.28,0.91,1451.94,NORMAL
2026-09-30 11:22:37.869657,32.89,0.267,0.8,1416.1,NORMAL
2026-09-30 11:22:38.869657,36.65,0.297,0.84,1433.76,NORMAL
2026-09-30 11:22:39.869657,33.15,0.227,0.84,1420.36,NORMAL
2026-09-30 11:22:40.869657,35.25,0.239,0.78,1453.73,NORMAL
2026-09-30 11:22:41.869657,35.55,0.278,0.82,1487.03,NORMAL
2026-09-30 11:22:42.869657,33.66,0.195,0.71,1463.01,NORMAL
2026-09-30 11:22:43.869657,31.87,0.241,0.86,1454.69,NORMAL
2026-09-30 11:22:44.869657,36.77,0.339,0.69,1448.43,NORMAL
2026-09-30 11:22:45.869657,34.31,0.239,0.74,1466.36,NORMAL
2026-09-30 11:22:46.869657,36.98,0.273,0.87,1440.69,NORMAL
2026-09-30 11:22:47.869657,33.22,0.228,0.7,1505.63,NORMAL
2026-09-30 11:22:48.869657,35.55,0.328,0.85,1455.27,NORMAL
2026-09-30 11:22:49.869657,37.72,0.206,0.71,1462.18,NORMAL
2026-09-30 11:22:50.869657,30.08,0.201,0.79,1497.97,NORMAL
2026-09-30 11:22:51.869657,35.56,0.169,0.8,1460.03,NORMAL
2026-09-30 11:22:52.869657,33.28,0.223,0.85,1446.78,NORMAL
2026-09-30 11:22:53.869657,56.04,0.871,1.67,1117.49,FAULT
2026-09-30 11:22:54.869657,33.49,0.194,1.0,1435.48,NORMAL
2026-09-30 11:22:55.869657,31.73,0.287,0.81,1444.89,NORMAL
2026-09-30 11:22:56.869657,43.61,0.594,0.95,1289.05,WARNING
2026-09-30 11:22:57.869657,41.12,0.563,0.94,1310.32,WARNING
2026-09-30 11:22:58.869657,34.64,0.288,0.75,1425.25,NORMAL
2026-09-30 11:22:59.869657,32.16,0.363,0.79,1415.09,NORMAL
2026-09-30 11:23:00.869657,35.07,0.207,0.76,1407.75,NORMAL
2026-09-30 11:23:01.869657,30.88,0.267,0.85,1432.41,NORMAL
2026-09-30 11:23:02.869657,32.01,0.242,0.82,1446.94,NORMAL
2026-09-30 11:23:03.869657,43.57,0.526,0.99,1346.39,WARNING
2026-09-30 11:23:04.869657,33.68,0.24,0.79,1466.49,NORMAL
2026-09-30 11:23:05.869657,36.11,0.349,0.85,1427.37,NORMAL
2026-09-30 11:23:06.869657,33.74,0.396,0.7,1417.5,NORMAL
2026-09-30 11:23:07.869657,36.29,0.307,0.7,1452.03,NORMAL
2026-09-30 11:23:08.869657,33.33,0.237,0.89,1449.46,NORMAL
2026-09-30 11:23:09.869657,37.91,0.344,0.84,1467.94,NORMAL
2026-09-30 11:23:10.869657,35.98,0.253,0.8,1485.9,NORMAL
2026-09-30 11:23:11.869657,33.85,0.257,0.89,1450.57,NORMAL
2026-09-30 11:23:12.869657,36.34,0.244,0.65,1421.05,NORMAL
2026-09-30 11:23:13.869657,39.55,0.267,0.78,1491.73,NORMAL
2026-09-30 11:23:14.869657,30.88,0.272,0.9,1477.74,NORMAL
2026-09-30 11:23:15.869657,33.0,0.201,0.73,1476.71,NORMAL
2026-09-30 11:23:16.869657,32.02,0.257,0.89,1444.45,NORMAL
2026-09-30 11:23:17.869657,33.72,0.166,0.78,1472.69,NORMAL
2026-09-30 11:23:18.869657,34.04,0.276,0.93,1434.4,NORMAL
2026-09-30 11:23:19.869657,46.72,1.206,1.25,1227.82,FAULT
2026-09-30 11:23:20.869657,36.37,0.237,0.77,1449.01,NORMAL
2026-09-30 11:23:21.869657,33.39,0.252,0.78,1423.88,NORMAL
2026-09-30 11:23:22.869657,36.53,0.27,0.77,1446.26,NORMAL
2026-09-30 11:23:23.869657,45.28,0.577,1.18,1369.0,WARNING
2026-09-30 11:23:24.869657,35.69,0.247,0.88,1457.0,NORMAL
2026-09-30 11:23:25.869657,36.08,0.347,0.76,1434.39,NORMAL
2026-09-30 11:23:26.869657,49.74,1.103,1.31,1199.61,FAULT
2026-09-30 11:23:27.869657,34.46,0.312,0.83,1454.04,NORMAL
2026-09-30 11:23:28.869657,38.78,0.202,0.82,1411.78,NORMAL
2026-09-30 11:23:29.869657,36.58,0.252,0.76,1452.78,NORMAL
2026-09-30 11:23:30.869657,43.71,0.599,0.97,1366.46,WARNING
2026-09-30 11:23:31.869657,36.66,0.256,0.73,1500.39,NORMAL
2026-09-30 11:23:32.869657,35.36,0.184,0.81,1464.94,NORMAL
2026-09-30 11:23:33.869657,43.88,0.683,0.94,1401.82,WARNING
2026-09-30 11:23:34.869657,41.54,0.498,0.86,1358.03,WARNING
2026-09-30 11:23:35.869657,34.69,0.23,0.69,1444.43,NORMAL
2026-09-30 11:23:36.869657,36.23,0.216,0.87,1491.95,NORMAL
2026-09-30 11:23:37.869657,33.98,0.22,0.73,1451.68,NORMAL
2026-09-30 11:23:38.869657,36.39,0.379,0.84,1390.27,NORMAL
2026-09-30 11:23:39.869657,47.91,1.132,1.41,1273.35,FAULT
2026-09-30 11:23:40.869657,32.97,0.277,0.69,1502.94,NORMAL
2026-09-30 11:23:41.869657,33.41,0.176,0.81,1451.31,NORMAL
2026-09-30 11:23:42.869657,36.92,0.29,0.79,1445.6,NORMAL
2026-09-30 11:23:43.869657,48.42,0.824,1.44,1340.09,FAULT
2026-09-30 11:23:44.869657,38.62,0.279,0.6,1486.5,NORMAL
2026-09-30 11:23:45.869657,34.11,0.277,0.87,1474.3,NORMAL
2026-09-30 11:23:46.869657,34.46,0.157,0.79,1447.64,NORMAL
2026-09-30 11:23:47.869657,34.12,0.279,0.75,1443.99,NORMAL
2026-09-30 11:23:48.869657,37.31,0.26,0.8,1455.34,NORMAL
2026-09-30 11:23:49.869657,40.83,0.274,0.8,1489.38,NORMAL
2026-09-30 11:23:50.869657,37.11,0.27,0.8,1449.6,NORMAL
2026-09-30 11:23:51.869657,34.14,0.227,0.65,1438.39,NORMAL
2026-09-30 11:23:52.869657,34.16,0.301,0.83,1448.56,NORMAL
2026-09-30 11:23:53.869657,34.72,0.296,0.76,1406.65,NORMAL
2026-09-30 11:23:54.869657,34.36,0.223,0.79,1432.51,NORMAL
2026-09-30 11:23:55.869657,44.59,0.642,0.95,1393.39,WARNING
2026-09-30 11:23:56.869657,45.94,0.822,1.22,1162.61,FAULT
2026-09-30 11:23:57.869657,37.36,0.189,0.85,1499.3,NORMAL
2026-09-30 11:23:58.869657,34.01,0.202,0.83,1414.79,NORMAL
2026-09-30 11:23:59.869657,35.84,0.153,0.74,1502.17,NORMAL
2026-09-30 11:24:00.869657,32.32,0.281,0.85,1452.15,NORMAL
2026-09-30 11:24:01.869657,39.08,0.414,0.98,1330.92,WARNING
2026-09-30 11:24:02.869657,33.59,0.237,0.68,1452.62,NORMAL
2026-09-30 11:24:03.869657,35.76,0.305,0.85,1514.73,NORMAL
2026-09-30 11:24:04.869657,42.86,0.638,0.89,1323.76,WARNING
2026-09-30 11:24:05.869657,37.01,0.247,0.95,1470.09,NORMAL
2026-09-30 11:24:06.869657,31.88,0.356,0.77,1454.37,NORMAL
2026-09-30 11:24:07.869657,32.95,0.19,0.81,1390.9,NORMAL
2026-09-30 11:24:08.869657,38.08,0.224,0.77,1474.47,NORMAL
2026-09-30 11:24:09.869657,37.08,0.228,0.79,1444.07,NORMAL
2026-09-30 11:24:10.869657,31.36,0.343,0.69,1455.52,NORMAL
2026-09-30 11:24:11.869657,36.88,0.25,0.85,1438.18,NORMAL
2026-09-30 11:24:12.869657,34.23,0.286,0.74,1407.69,NORMAL
2026-09-30 11:24:13.869657,32.05,0.198,0.71,1461.82,NORMAL
2026-09-30 11:24:14.869657,50.99,1.193,1.39,1183.45,FAULT
2026-09-30 11:24:15.869657,43.56,0.594,0.97,1372.99,WARNING
2026-09-30 11:24:16.869657,45.89,1.009,1.47,1304.75,FAULT
2026-09-30 11:24:17.869657,55.27,1.181,1.3,1228.66,FAULT
2026-09-30 11:24:18.869657,42.36,0.423,1.01,1405.93,WARNING
2026-09-30 11:24:19.869657,33.39,0.246,0.84,1435.99,NORMAL
2026-09-30 11:24:20.869657,35.58,0.268,0.9,1430.05,NORMAL
2026-09-30 11:24:21.869657,33.55,0.234,0.79,1460.16,NORMAL
2026-09-30 11:24:22.869657,35.92,0.245,0.89,1429.84,NORMAL
2026-09-30 11:24:23.869657,30.99,0.197,0.83,1455.99,NORMAL
2026-09-30 11:24:24.869657,35.75,0.237,0.9,1393.31,NORMAL
2026-09-30 11:24:25.869657,42.64,0.669,0.98,1395.32,WARNING
2026-09-30 11:24:26.869657,37.6,0.214,0.87,1504.32,NORMAL
2026-09-30 11:24:27.869657,34.08,0.28,0.71,1444.08,NORMAL
2026-09-30 11:24:28.869657,50.27,1.048,1.51,1194.96,FAULT
2026-09-30 11:24:29.869657,35.25,0.241,0.8,1457.36,NORMAL
2026-09-30 11:24:30.869657,34.27,0.174,0.78,1457.05,NORMAL
2026-09-30 11:24:31.869657,52.23,1.253,1.34,1195.85,FAULT
2026-09-30 11:24:32.869657,37.81,0.262,0.88,1398.55,NORMAL
2026-09-30 11:24:33.869657,31.77,0.371,0.79,1456.68,NORMAL
2026-09-30 11:24:34.869657,32.05,0.224,0.89,1455.33,NORMAL
2026-09-30 11:24:35.869657,35.77,0.162,0.67,1405.09,NORMAL
2026-09-30 11:24:36.869657,31.72,0.237,0.9,1434.84,NORMAL
2026-09-30 11:24:37.869657,34.4,0.155,0.78,1459.86,NORMAL
2026-09-30 11:24:38.869657,37.76,0.357,0.84,1387.47,NORMAL
2026-09-30 11:24:39.869657,36.26,0.22,0.7,1437.99,NORMAL
2026-09-30 11:24:40.869657,35.06,0.205,0.79,1433.36,NORMAL
2026-09-30 11:24:41.869657,30.77,0.312,0.68,1438.6,NORMAL
2026-09-30 11:24:42.869657,35.09,0.287,0.92,1456.04,NORMAL
2026-09-30 11:24:43.869657,41.24,0.679,0.89,1411.4,WARNING
2026-09-30 11:24:44.869657,34.13,0.176,0.62,1416.75,NORMAL
2026-09-30 11:24:45.869657,41.01,0.585,0.91,1357.5,WARNING
2026-09-30 11:24:46.869657,36.94,0.257,0.73,1438.23,NORMAL
2026-09-30 11:24:47.869657,48.87,1.044,1.51,1208.24,FAULT
2026-09-30 11:24:48.869657,30.5,0.194,0.75,1449.9,NORMAL
2026-09-30 11:24:49.869657,37.51,0.313,0.84,1468.95,NORMAL
2026-09-30 11:24:50.869657,38.11,0.297,0.56,1497.37,NORMAL
2026-09-30 11:24:51.869657,39.02,0.29,0.92,1473.09,NORMAL
2026-09-30 11:24:52.869657,54.59,1.215,1.46,1236.55,FAULT
2026-09-30 11:24:53.869657,32.45,0.227,0.85,1407.2,NORMAL
2026-09-30 11:24:54.869657,37.11,0.246,0.66,1436.34,NORMAL
2026-09-30 11:24:55.869657,34.69,0.258,0.64,1478.41,NORMAL
2026-09-30 11:24:56.869657,31.19,0.226,0.8,1486.68,NORMAL
2026-09-30 11:24:57.869657,53.21,0.888,1.45,1330.78,FAULT
2026-09-30 11:24:58.869657,34.8,0.261,0.76,1439.83,NORMAL
2026-09-30 11:24:59.869657,44.36,0.568,0.82,1317.9,WARNING
2026-09-30 11:25:00.869657,38.04,0.603,1.03,1377.0,WARNING
2026-09-30 11:25:01.869657,34.85,0.208,0.74,1471.63,NORMAL
2026-09-30 11:25:02.869657,33.9,0.22,0.7,1416.27,NORMAL
2026-09-30 11:25:03.869657,36.37,0.294,0.77,1460.47,NORMAL
2026-09-30 11:25:04.869657,47.43,1.435,1.57,1229.34,FAULT
2026-09-30 11:25:05.869657,33.11,0.208,0.74,1432.1,NORMAL
2026-09-30 11:25:06.869657,51.81,0.857,1.58,1141.3,FAULT
2026-09-30 11:25:07.869657,40.67,0.693,1.17,1335.32,WARNING
2026-09-30 11:25:08.869657,37.84,0.153,0.85,1479.51,NORMAL
2026-09-30 11:25:09.869657,50.47,1.221,1.36,1233.17,FAULT
2026-09-30 11:25:10.869657,37.63,0.282,0.81,1464.2,NORMAL
2026-09-30 11:25:11.869657,37.85,0.244,0.78,1420.76,NORMAL
2026-09-30 11:25:12.869657,33.65,0.231,0.73,1433.99,NORMAL
2026-09-30 11:25:13.869657,38.34,0.481,1.27,1355.31,WARNING
2026-09-30 11:25:14.869657,46.81,1.117,1.19,1196.32,FAULT
2026-09-30 11:25:15.869657,35.79,0.255,0.79,1487.95,NORMAL
2026-09-30 11:25:16.869657,35.07,0.196,0.74,1434.91,NORMAL
2026-09-30 11:25:17.869657,40.64,0.588,1.24,1317.36,WARNING
2026-09-30 11:25:18.869657,36.37,0.23,0.6,1469.8,NORMAL
2026-09-30 11:25:19.869657,32.9,0.195,0.83,1467.68,NORMAL
